"bin_number","NZAu_maj","vintage","value","name","type"
5,"ex-sa",2020,2723.64298891186,"offshore wind|5","offshore"
5,"ex-sa",2021,2572.52215079672,"offshore wind|5","offshore"
5,"ex-sa",2022,2449.40043957014,"offshore wind|5","offshore"
5,"ex-sa",2023,2343.98877528196,"offshore wind|5","offshore"
5,"ex-sa",2024,2250.7986486487,"offshore wind|5","offshore"
5,"ex-sa",2025,2166.55390847717,"offshore wind|5","offshore"
5,"ex-sa",2026,2089.14137107757,"offshore wind|5","offshore"
5,"ex-sa",2027,2017.11816893749,"offshore wind|5","offshore"
5,"ex-sa",2028,1949.45516253173,"offshore wind|5","offshore"
5,"ex-sa",2029,1885.3924753362,"offshore wind|5","offshore"
5,"ex-sa",2030,1824.35304725065,"offshore wind|5","offshore"
5,"ex-sa",2031,1792.20234870294,"offshore wind|5","offshore"
5,"ex-sa",2032,1762.2707647331,"offshore wind|5","offshore"
5,"ex-sa",2033,1734.27163784452,"offshore wind|5","offshore"
5,"ex-sa",2034,1707.97050016883,"offshore wind|5","offshore"
5,"ex-sa",2035,1683.17312913456,"offshore wind|5","offshore"
5,"ex-sa",2036,1659.71682771941,"offshore wind|5","offshore"
5,"ex-sa",2037,1637.46395555453,"offshore wind|5","offshore"
5,"ex-sa",2038,1616.29703081441,"offshore wind|5","offshore"
5,"ex-sa",2039,1596.11497846188,"offshore wind|5","offshore"
5,"ex-sa",2040,1576.83020817575,"offshore wind|5","offshore"
5,"ex-sa",2041,1558.36631995599,"offshore wind|5","offshore"
5,"ex-sa",2042,1540.65627326454,"offshore wind|5","offshore"
5,"ex-sa",2043,1523.64091980702,"offshore wind|5","offshore"
5,"ex-sa",2044,1507.2678108695,"offshore wind|5","offshore"
5,"ex-sa",2045,1491.49022163584,"offshore wind|5","offshore"
5,"ex-sa",2046,1476.26634741224,"offshore wind|5","offshore"
5,"ex-sa",2047,1461.558637666,"offshore wind|5","offshore"
5,"ex-sa",2048,1447.33323545311,"offshore wind|5","offshore"
5,"ex-sa",2049,1433.55951040089,"offshore wind|5","offshore"
5,"ex-sa",2050,1420.20966057334,"offshore wind|5","offshore"
5,"nsw-south",2020,3110.92029743397,"offshore wind|5","offshore"
5,"nsw-south",2021,2939.448942748,"offshore wind|5","offshore"
5,"nsw-south",2022,2799.76570763124,"offshore wind|5","offshore"
5,"nsw-south",2023,2680.18913770027,"offshore wind|5","offshore"
5,"nsw-south",2024,2574.48798987146,"offshore wind|5","offshore"
5,"nsw-south",2025,2478.94276647687,"offshore wind|5","offshore"
5,"nsw-south",2026,2391.15431618889,"offshore wind|5","offshore"
5,"nsw-south",2027,2309.4845156822,"offshore wind|5","offshore"
5,"nsw-south",2028,2232.76495556656,"offshore wind|5","offshore"
5,"nsw-south",2029,2160.13292914712,"offshore wind|5","offshore"
5,"nsw-south",2030,2090.93328605429,"offshore wind|5","offshore"
5,"nsw-south",2031,2054.43178124452,"offshore wind|5","offshore"
5,"nsw-south",2032,2020.44969409704,"offshore wind|5","offshore"
5,"nsw-south",2033,1988.66157445406,"offshore wind|5","offshore"
5,"nsw-south",2034,1958.80122570452,"offshore wind|5","offshore"
5,"nsw-south",2035,1930.6481407035,"offshore wind|5","offshore"
5,"nsw-south",2036,1904.0176062788,"offshore wind|5","offshore"
5,"nsw-south",2037,1878.75335515567,"offshore wind|5","offshore"
5,"nsw-south",2038,1854.7220085526,"offshore wind|5","offshore"
5,"nsw-south",2039,1831.80881164414,"offshore wind|5","offshore"
5,"nsw-south",2040,1809.91432220302,"offshore wind|5","offshore"
5,"nsw-south",2041,1788.95180176213,"offshore wind|5","offshore"
5,"nsw-south",2042,1768.84513585728,"offshore wind|5","offshore"
5,"nsw-south",2043,1749.52717356147,"offshore wind|5","offshore"
5,"nsw-south",2044,1730.93836715205,"offshore wind|5","offshore"
5,"nsw-south",2045,1713.02566961123,"offshore wind|5","offshore"
5,"nsw-south",2046,1695.74161838213,"offshore wind|5","offshore"
5,"nsw-south",2047,1679.04358246374,"offshore wind|5","offshore"
5,"nsw-south",2048,1662.89312197153,"offshore wind|5","offshore"
5,"nsw-south",2049,1647.25546196123,"offshore wind|5","offshore"
5,"nsw-south",2050,1632.09903895222,"offshore wind|5","offshore"
5,"nt",2020,3168.81929664585,"offshore wind|5","offshore"
5,"nt",2021,2995.44350708619,"offshore wind|5","offshore"
5,"nt",2022,2854.2299834241,"offshore wind|5","offshore"
5,"nt",2023,2733.35978066979,"offshore wind|5","offshore"
5,"nt",2024,2626.52831383389,"offshore wind|5","offshore"
5,"nt",2025,2529.9723067897,"offshore wind|5","offshore"
5,"nt",2026,2441.26437007641,"offshore wind|5","offshore"
5,"nt",2027,2358.74709955063,"offshore wind|5","offshore"
5,"nt",2028,2281.23833399147,"offshore wind|5","offshore"
5,"nt",2029,2207.86521238206,"offshore wind|5","offshore"
5,"nt",2030,2137.96487310749,"offshore wind|5","offshore"
5,"nt",2031,2101.03374539308,"offshore wind|5","offshore"
5,"nt",2032,2066.65168880898,"offshore wind|5","offshore"
5,"nt",2033,2034.48942276314,"offshore wind|5","offshore"
5,"nt",2034,2004.27761753307,"offshore wind|5","offshore"
5,"nt",2035,1975.79317037992,"offshore wind|5","offshore"
5,"nt",2036,1948.8491943685,"offshore wind|5","offshore"
5,"nt",2037,1923.28758291048,"offshore wind|5","offshore"
5,"nt",2038,1898.97338711618,"offshore wind|5","offshore"
5,"nt",2039,1875.7905017704,"offshore wind|5","offshore"
5,"nt",2040,1853.63831406192,"offshore wind|5","offshore"
5,"nt",2041,1832.42906448142,"offshore wind|5","offshore"
5,"nt",2042,1812.08574306264,"offshore wind|5","offshore"
5,"nt",2043,1792.540408179,"offshore wind|5","offshore"
5,"nt",2044,1773.73281134511,"offshore wind|5","offshore"
5,"nt",2045,1755.60928121768,"offshore wind|5","offshore"
5,"nt",2046,1738.12179664326,"offshore wind|5","offshore"
5,"nt",2047,1721.22722463358,"offshore wind|5","offshore"
5,"nt",2048,1704.88667309131,"offshore wind|5","offshore"
5,"nt",2049,1689.06495783465,"offshore wind|5","offshore"
5,"nt",2050,1673.73014348868,"offshore wind|5","offshore"
5,"qld-north",2020,2849.8129683197,"offshore wind|5","offshore"
5,"qld-north",2021,2692.83684077219,"offshore wind|5","offshore"
5,"qld-north",2022,2564.96333491705,"offshore wind|5","offshore"
5,"qld-north",2023,2455.49786003892,"offshore wind|5","offshore"
5,"qld-north",2024,2358.73559515058,"offshore wind|5","offshore"
5,"qld-north",2025,2271.27127020239,"offshore wind|5","offshore"
5,"qld-north",2026,2190.90841709093,"offshore wind|5","offshore"
5,"qld-north",2027,2116.14730247264,"offshore wind|5","offshore"
5,"qld-north",2028,2045.91822659983,"offshore wind|5","offshore"
5,"qld-north",2029,1979.4313647942,"offshore wind|5","offshore"
5,"qld-north",2030,1916.08691406184,"offshore wind|5","offshore"
5,"qld-north",2031,1882.66909983157,"offshore wind|5","offshore"
5,"qld-north",2032,1851.55785945036,"offshore wind|5","offshore"
5,"qld-north",2033,1822.4552376837,"offshore wind|5","offshore"
5,"qld-north",2034,1795.11752605379,"offshore wind|5","offshore"
5,"qld-north",2035,1769.34284686125,"offshore wind|5","offshore"
5,"qld-north",2036,1744.9620913454,"offshore wind|5","offshore"
5,"qld-north",2037,1721.83219428876,"offshore wind|5","offshore"
5,"qld-north",2038,1699.83104384752,"offshore wind|5","offshore"
5,"qld-north",2039,1678.85358121628,"offshore wind|5","offshore"
5,"qld-north",2040,1658.80876418322,"offshore wind|5","offshore"
5,"qld-north",2041,1639.61718169966,"offshore wind|5","offshore"
5,"qld-north",2042,1621.20915089382,"offshore wind|5","offshore"
5,"qld-north",2043,1603.52319250179,"offshore wind|5","offshore"
5,"qld-north",2044,1586.5047904628,"offshore wind|5","offshore"
5,"qld-north",2045,1570.10537868592,"offshore wind|5","offshore"
5,"qld-north",2046,1554.28150475361,"offshore wind|5","offshore"
5,"qld-north",2047,1538.99413830472,"offshore wind|5","offshore"
5,"qld-north",2048,1524.20808789573,"offshore wind|5","offshore"
5,"qld-north",2049,1509.89151612365,"offshore wind|5","offshore"
5,"qld-north",2050,1496.01552523223,"offshore wind|5","offshore"
5,"qld-south",2020,3494.96250498798,"offshore wind|5","offshore"
5,"qld-south",2021,3308.11676325721,"offshore wind|5","offshore"
5,"qld-south",2022,3156.00427814674,"offshore wind|5","offshore"
5,"qld-south",2023,3025.86132044759,"offshore wind|5","offshore"
5,"qld-south",2024,2910.87932858715,"offshore wind|5","offshore"
5,"qld-south",2025,2806.99419745085,"offshore wind|5","offshore"
5,"qld-south",2026,2711.58449624676,"offshore wind|5","offshore"
5,"qld-south",2027,2622.86033118122,"offshore wind|5","offshore"
5,"qld-south",2028,2539.54504186618,"offshore wind|5","offshore"
5,"qld-south",2029,2460.69599193871,"offshore wind|5","offshore"
5,"qld-south",2030,2385.59733167348,"offshore wind|5","offshore"
5,"qld-south",2031,2345.71399983299,"offshore wind|5","offshore"
5,"qld-south",2032,2308.58350692037,"offshore wind|5","offshore"
5,"qld-south",2033,2273.85025024006,"offshore wind|5","offshore"
5,"qld-south",2034,2241.22337067412,"offshore wind|5","offshore"
5,"qld-south",2035,2210.46193067246,"offshore wind|5","offshore"
5,"qld-south",2036,2181.36410422195,"offshore wind|5","offshore"
5,"qld-south",2037,2153.75914625564,"offshore wind|5","offshore"
5,"qld-south",2038,2127.50131978591,"offshore wind|5","offshore"
5,"qld-south",2039,2102.46523866922,"offshore wind|5","offshore"
5,"qld-south",2040,2078.54224723551,"offshore wind|5","offshore"
5,"qld-south",2041,2055.63757000773,"offshore wind|5","offshore"
5,"qld-south",2042,2033.66804245648,"offshore wind|5","offshore"
5,"qld-south",2043,2012.56029048434,"offshore wind|5","offshore"
5,"qld-south",2044,1992.24924996279,"offshore wind|5","offshore"
5,"qld-south",2045,1972.67695912119,"offshore wind|5","offshore"
5,"qld-south",2046,1953.79155839235,"offshore wind|5","offshore"
5,"qld-south",2047,1935.54646620857,"offshore wind|5","offshore"
5,"qld-south",2048,1917.89968202508,"offshore wind|5","offshore"
5,"qld-south",2049,1900.81320905093,"offshore wind|5","offshore"
5,"qld-south",2050,1884.25255843689,"offshore wind|5","offshore"
5,"sa",2020,3248.74803337242,"offshore wind|5","offshore"
5,"sa",2021,3072.70379690727,"offshore wind|5","offshore"
5,"sa",2022,2929.34498861005,"offshore wind|5","offshore"
5,"sa",2023,2806.66041279598,"offshore wind|5","offshore"
5,"sa",2024,2698.2429317685,"offshore wind|5","offshore"
5,"sa",2025,2600.2680547408,"offshore wind|5","offshore"
5,"sa",2026,2510.26890736788,"offshore wind|5","offshore"
5,"sa",2027,2426.56112547322,"offshore wind|5","offshore"
5,"sa",2028,2347.94331887992,"offshore wind|5","offshore"
5,"sa",2029,2273.528427962,"offshore wind|5","offshore"
5,"sa",2030,2202.64280861537,"offshore wind|5","offshore"
5,"sa",2031,2165.1109466613,"offshore wind|5","offshore"
5,"sa",2032,2130.1696197719,"offshore wind|5","offshore"
5,"sa",2033,2097.48419133075,"offshore wind|5","offshore"
5,"sa",2034,2066.78095064153,"offshore wind|5","offshore"
5,"sa",2035,2037.83316554786,"offshore wind|5","offshore"
5,"sa",2036,2010.45090963264,"offshore wind|5","offshore"
5,"sa",2037,1984.47350438423,"offshore wind|5","offshore"
5,"sa",2038,1959.76380549074,"offshore wind|5","offshore"
5,"sa",2039,1936.20381948809,"offshore wind|5","offshore"
5,"sa",2040,1913.69129677186,"offshore wind|5","offshore"
5,"sa",2041,1892.13705016019,"offshore wind|5","offshore"
5,"sa",2042,1871.46281743771,"offshore wind|5","offshore"
5,"sa",2043,1851.59955143747,"offshore wind|5","offshore"
5,"sa",2044,1832.48602375764,"offshore wind|5","offshore"
5,"sa",2045,1814.06769010307,"offshore wind|5","offshore"
5,"sa",2046,1796.29574821312,"offshore wind|5","offshore"
5,"sa",2047,1779.12636321367,"offshore wind|5","offshore"
5,"sa",2048,1762.5200106551,"offshore wind|5","offshore"
5,"sa",2049,1746.44093415285,"offshore wind|5","offshore"
5,"sa",2050,1730.85667831753,"offshore wind|5","offshore"
5,"tas",2020,3290.49798975717,"offshore wind|5","offshore"
5,"tas",2021,3112.68305557802,"offshore wind|5","offshore"
5,"tas",2022,2967.89050534414,"offshore wind|5","offshore"
5,"tas",2023,2843.9853192135,"offshore wind|5","offshore"
5,"tas",2024,2734.49430803283,"offshore wind|5","offshore"
5,"tas",2025,2635.55355417453,"offshore wind|5","offshore"
5,"tas",2026,2544.67075211327,"offshore wind|5","offshore"
5,"tas",2027,2460.14417353235,"offshore wind|5","offshore"
5,"tas",2028,2380.76004306933,"offshore wind|5","offshore"
5,"tas",2029,2305.62215635165,"offshore wind|5","offshore"
5,"tas",2030,2234.04992462309,"offshore wind|5","offshore"
5,"tas",2031,2196.1311449298,"offshore wind|5","offshore"
5,"tas",2032,2160.82960624946,"offshore wind|5","offshore"
5,"tas",2033,2127.80722212155,"offshore wind|5","offshore"
5,"tas",2034,2096.78746019711,"offshore wind|5","offshore"
5,"tas",2035,2067.54125103718,"offshore wind|5","offshore"
5,"tas",2036,2039.8767100844,"offshore wind|5","offshore"
5,"tas",2037,2013.63150255178,"offshore wind|5","offshore"
5,"tas",2038,1988.66707020628,"offshore wind|5","offshore"
5,"tas",2039,1964.86420319735,"offshore wind|5","offshore"
5,"tas",2040,1942.1195978306,"offshore wind|5","offshore"
5,"tas",2041,1920.3431473395,"offshore wind|5","offshore"
5,"tas",2042,1899.45578304054,"offshore wind|5","offshore"
5,"tas",2043,1879.38774563329,"offshore wind|5","offshore"
5,"tas",2044,1860.07717568654,"offshore wind|5","offshore"
5,"tas",2045,1841.46896650859,"offshore wind|5","offshore"
5,"tas",2046,1823.5138128513,"offshore wind|5","offshore"
5,"tas",2047,1806.16742782826,"offshore wind|5","offshore"
5,"tas",2048,1789.38987962018,"offshore wind|5","offshore"
5,"tas",2049,1773.14504313175,"offshore wind|5","offshore"
5,"tas",2050,1757.4001284153,"offshore wind|5","offshore"
5,"vic-west",2020,3110.76564500735,"offshore wind|5","offshore"
5,"vic-west",2021,2939.99135876091,"offshore wind|5","offshore"
5,"vic-west",2022,2800.88725236067,"offshore wind|5","offshore"
5,"vic-west",2023,2681.81521191762,"offshore wind|5","offshore"
5,"vic-west",2024,2576.56711323913,"offshore wind|5","offshore"
5,"vic-west",2025,2481.43725870381,"offshore wind|5","offshore"
5,"vic-west",2026,2394.0353982254,"offshore wind|5","offshore"
5,"vic-west",2027,2312.72948608927,"offshore wind|5","offshore"
5,"vic-west",2028,2236.35544822746,"offshore wind|5","offshore"
5,"vic-west",2029,2164.05377855037,"offshore wind|5","offshore"
5,"vic-west",2030,2095.17175729315,"offshore wind|5","offshore"
5,"vic-west",2031,2058.80567975344,"offshore wind|5","offshore"
5,"vic-west",2032,2024.94967227861,"offshore wind|5","offshore"
5,"vic-west",2033,1993.27949231397,"offshore wind|5","offshore"
5,"vic-west",2034,1963.52993084375,"offshore wind|5","offshore"
5,"vic-west",2035,1935.48129880292,"offshore wind|5","offshore"
5,"vic-west",2036,1908.94956847348,"offshore wind|5","offshore"
5,"vic-west",2037,1883.77905237495,"offshore wind|5","offshore"
5,"vic-west",2038,1859.83686633873,"offshore wind|5","offshore"
5,"vic-west",2039,1837.00868160898,"offshore wind|5","offshore"
5,"vic-west",2040,1815.1954247143,"offshore wind|5","offshore"
5,"vic-west",2041,1794.31067889926,"offshore wind|5","offshore"
5,"vic-west",2042,1774.27861243592,"offshore wind|5","offshore"
5,"vic-west",2043,1755.0323232217,"offshore wind|5","offshore"
5,"vic-west",2044,1736.51248463514,"offshore wind|5","offshore"
5,"vic-west",2045,1718.66624643507,"offshore wind|5","offshore"
5,"vic-west",2046,1701.44632222569,"offshore wind|5","offshore"
5,"vic-west",2047,1684.81023896023,"offshore wind|5","offshore"
5,"vic-west",2048,1668.71969960475,"offshore wind|5","offshore"
5,"vic-west",2049,1653.14005824252,"offshore wind|5","offshore"
5,"vic-west",2050,1638.03986819427,"offshore wind|5","offshore"
5,"wa-north",2020,3468.92292721868,"offshore wind|5","offshore"
5,"wa-north",2021,3283.36556198921,"offshore wind|5","offshore"
5,"wa-north",2022,3132.30020016228,"offshore wind|5","offshore"
5,"wa-north",2023,3003.05176833869,"offshore wind|5","offshore"
5,"wa-north",2024,2888.85899621327,"offshore wind|5","offshore"
5,"wa-north",2025,2785.6860074291,"offshore wind|5","offshore"
5,"wa-north",2026,2690.92957935551,"offshore wind|5","offshore"
5,"wa-north",2027,2602.81225041422,"offshore wind|5","offshore"
5,"wa-north",2028,2520.0662279588,"offshore wind|5","offshore"
5,"wa-north",2029,2441.75542287844,"offshore wind|5","offshore"
5,"wa-north",2030,2367.16895764894,"offshore wind|5","offshore"
5,"wa-north",2031,2327.56265034141,"offshore wind|5","offshore"
5,"wa-north",2032,2290.6900610515,"offshore wind|5","offshore"
5,"wa-north",2033,2256.19805726943,"offshore wind|5","offshore"
5,"wa-north",2034,2223.79780010544,"offshore wind|5","offshore"
5,"wa-north",2035,2193.2500249401,"offshore wind|5","offshore"
5,"wa-north",2036,2164.35430844115,"offshore wind|5","offshore"
5,"wa-north",2037,2136.94109097792,"offshore wind|5","offshore"
5,"wa-north",2038,2110.86564797056,"offshore wind|5","offshore"
5,"wa-north",2039,2086.00346426676,"offshore wind|5","offshore"
5,"wa-north",2040,2062.24663885369,"offshore wind|5","offshore"
5,"wa-north",2041,2039.50105486652,"offshore wind|5","offshore"
5,"wa-north",2042,2017.68412471847,"offshore wind|5","offshore"
5,"wa-north",2043,1996.7229846482,"offshore wind|5","offshore"
5,"wa-north",2044,1976.55302198087,"offshore wind|5","offshore"
5,"wa-north",2045,1957.11667789698,"offshore wind|5","offshore"
5,"wa-north",2046,1938.36245271312,"offshore wind|5","offshore"
5,"wa-north",2047,1920.24408860707,"offshore wind|5","offshore"
5,"wa-north",2048,1902.71987663194,"offshore wind|5","offshore"
5,"wa-north",2049,1885.75208426869,"offshore wind|5","offshore"
5,"wa-north",2050,1869.30646186385,"offshore wind|5","offshore"
5,"wa-south",2020,2975.93707030309,"offshore wind|5","offshore"
5,"wa-south",2021,2812.23900083197,"offshore wind|5","offshore"
5,"wa-south",2022,2678.89346500389,"offshore wind|5","offshore"
5,"wa-south",2023,2564.74655595606,"offshore wind|5","offshore"
5,"wa-south",2024,2463.84843988084,"offshore wind|5","offshore"
5,"wa-south",2025,2372.64759570108,"offshore wind|5","offshore"
5,"wa-south",2026,2288.85322038849,"offshore wind|5","offshore"
5,"wa-south",2027,2210.90116967541,"offshore wind|5","offshore"
5,"wa-south",2028,2137.67580146801,"offshore wind|5","offshore"
5,"wa-south",2029,2068.35336952219,"offshore wind|5","offshore"
5,"wa-south",2030,2002.30831046019,"offshore wind|5","offshore"
5,"wa-south",2031,1967.45525335478,"offshore wind|5","offshore"
5,"wa-south",2032,1935.00783401565,"offshore wind|5","offshore"
5,"wa-south",2033,1904.65530028041,"offshore wind|5","offshore"
5,"wa-south",2034,1876.1434770048,"offshore wind|5","offshore"
5,"wa-south",2035,1849.26181575168,"offshore wind|5","offshore"
5,"wa-south",2036,1823.8339450566,"offshore wind|5","offshore"
5,"wa-south",2037,1799.71065506366,"offshore wind|5","offshore"
5,"wa-south",2038,1776.76458987405,"offshore wind|5","offshore"
5,"wa-south",2039,1754.88617796166,"offshore wind|5","offshore"
5,"wa-south",2040,1733.98046743249,"offshore wind|5","offshore"
5,"wa-south",2041,1713.96463679968,"offshore wind|5","offshore"
5,"wa-south",2042,1694.76600984691,"offshore wind|5","offshore"
5,"wa-south",2043,1676.3204674412,"offshore wind|5","offshore"
5,"wa-south",2044,1658.57115168468,"offshore wind|5","offshore"
5,"wa-south",2045,1641.46741092205,"offshore wind|5","offshore"
5,"wa-south",2046,1624.9639263146,"offshore wind|5","offshore"
5,"wa-south",2047,1609.01999158293,"offshore wind|5","offshore"
5,"wa-south",2048,1593.59890343719,"offshore wind|5","offshore"
5,"wa-south",2049,1578.66745726143,"offshore wind|5","offshore"
5,"wa-south",2050,1564.19551448093,"offshore wind|5","offshore"
1,"ex-wa",2020,3970.89341861005,"offshore wind|1","offshore"
1,"ex-wa",2021,3763.43029339266,"offshore wind|1","offshore"
1,"ex-wa",2022,3594.61461169374,"offshore wind|1","offshore"
1,"ex-wa",2023,3450.2442638888,"offshore wind|1","offshore"
1,"ex-wa",2024,3322.74341300938,"offshore wind|1","offshore"
1,"ex-wa",2025,3207.58995889529,"offshore wind|1","offshore"
1,"ex-wa",2026,3101.86705397739,"offshore wind|1","offshore"
1,"ex-wa",2027,3003.58309670281,"offshore wind|1","offshore"
1,"ex-wa",2028,2911.31755659785,"offshore wind|1","offshore"
1,"ex-wa",2029,2824.02156863283,"offshore wind|1","offshore"
1,"ex-wa",2030,2740.89861188596,"offshore wind|1","offshore"
1,"ex-wa",2031,2696.52071745487,"offshore wind|1","offshore"
1,"ex-wa",2032,2655.20588695785,"offshore wind|1","offshore"
1,"ex-wa",2033,2616.55844360582,"offshore wind|1","offshore"
1,"ex-wa",2034,2580.2547510434,"offshore wind|1","offshore"
1,"ex-wa",2035,2546.02671939401,"offshore wind|1","offshore"
1,"ex-wa",2036,2513.64977844533,"offshore wind|1","offshore"
1,"ex-wa",2037,2482.93394179296,"offshore wind|1","offshore"
1,"ex-wa",2038,2453.71704854316,"offshore wind|1","offshore"
1,"ex-wa",2039,2425.85958241803,"offshore wind|1","offshore"
1,"ex-wa",2040,2399.24064322594,"offshore wind|1","offshore"
1,"ex-wa",2041,2373.75477422912,"offshore wind|1","offshore"
1,"ex-wa",2042,2349.3094404451,"offshore wind|1","offshore"
1,"ex-wa",2043,2325.82299759683,"offshore wind|1","offshore"
1,"ex-wa",2044,2303.22304980478,"offshore wind|1","offshore"
1,"ex-wa",2045,2281.44510337828,"offshore wind|1","offshore"
1,"ex-wa",2046,2260.4314549107,"offshore wind|1","offshore"
1,"ex-wa",2047,2240.13027288125,"offshore wind|1","offshore"
1,"ex-wa",2048,2220.49482397485,"offshore wind|1","offshore"
1,"ex-wa",2049,2201.48282931669,"offshore wind|1","offshore"
1,"ex-wa",2050,2183.05591304134,"offshore wind|1","offshore"
1,"nsw-south",2020,4294.5396204375,"offshore wind|1","offshore"
1,"nsw-south",2021,4073.23068216575,"offshore wind|1","offshore"
1,"nsw-south",2022,3893.20144026751,"offshore wind|1","offshore"
1,"nsw-south",2023,3739.28248820971,"offshore wind|1","offshore"
1,"nsw-south",2024,3603.38200370913,"offshore wind|1","offshore"
1,"nsw-south",2025,3480.66988937697,"offshore wind|1","offshore"
1,"nsw-south",2026,3368.0306327014,"offshore wind|1","offshore"
1,"nsw-south",2027,3263.33698559021,"offshore wind|1","offshore"
1,"nsw-south",2028,3165.07166640013,"offshore wind|1","offshore"
1,"nsw-south",2029,3072.11437230767,"offshore wind|1","offshore"
1,"nsw-south",2030,2983.6143317582,"offshore wind|1","offshore"
1,"nsw-south",2031,2936.21388747085,"offshore wind|1","offshore"
1,"nsw-south",2032,2892.08513040943,"offshore wind|1","offshore"
1,"nsw-south",2033,2850.80543436344,"offshore wind|1","offshore"
1,"nsw-south",2034,2812.0291205959,"offshore wind|1","offshore"
1,"nsw-south",2035,2775.46983957639,"offshore wind|1","offshore"
1,"nsw-south",2036,2740.88772582484,"offshore wind|1","offshore"
1,"nsw-south",2037,2708.07985336243,"offshore wind|1","offshore"
1,"nsw-south",2038,2676.87301630056,"offshore wind|1","offshore"
1,"nsw-south",2039,2647.11819606086,"offshore wind|1","offshore"
1,"nsw-south",2040,2618.68625808159,"offshore wind|1","offshore"
1,"nsw-south",2041,2591.46456252939,"offshore wind|1","offshore"
1,"nsw-south",2042,2565.35427302518,"offshore wind|1","offshore"
1,"nsw-south",2043,2540.2681835409,"offshore wind|1","offshore"
1,"nsw-south",2044,2516.12896774233,"offshore wind|1","offshore"
1,"nsw-south",2045,2492.86773925355,"offshore wind|1","offshore"
1,"nsw-south",2046,2470.42286478215,"offshore wind|1","offshore"
1,"nsw-south",2047,2448.73898219214,"offshore wind|1","offshore"
1,"nsw-south",2048,2427.76617549857,"offshore wind|1","offshore"
1,"nsw-south",2049,2407.45928614615,"offshore wind|1","offshore"
1,"nsw-south",2050,2387.77732422681,"offshore wind|1","offshore"
1,"sa",2020,3804.66455883743,"offshore wind|1","offshore"
1,"sa",2021,3604.29777412664,"offshore wind|1","offshore"
1,"sa",2022,3441.22901683262,"offshore wind|1","offshore"
1,"sa",2023,3301.7520590749,"offshore wind|1","offshore"
1,"sa",2024,3178.5555821057,"offshore wind|1","offshore"
1,"sa",2025,3067.27537956301,"offshore wind|1","offshore"
1,"sa",2026,2965.09644883223,"offshore wind|1","offshore"
1,"sa",2027,2870.09672711461,"offshore wind|1","offshore"
1,"sa",2028,2780.90528313022,"offshore wind|1","offshore"
1,"sa",2029,2696.50987419096,"offshore wind|1","offshore"
1,"sa",2030,2616.14179079505,"offshore wind|1","offshore"
1,"sa",2031,2573.31339692244,"offshore wind|1","offshore"
1,"sa",2032,2533.44111691719,"offshore wind|1","offshore"
1,"sa",2033,2496.14308954568,"offshore wind|1","offshore"
1,"sa",2034,2461.10697840902,"offshore wind|1","offshore"
1,"sa",2035,2428.07405430515,"offshore wind|1","offshore"
1,"sa",2036,2396.82758819507,"offshore wind|1","offshore"
1,"sa",2037,2367.18422703645,"offshore wind|1","offshore"
1,"sa",2038,2338.98747214575,"offshore wind|1","offshore"
1,"sa",2039,2312.10267856257,"offshore wind|1","offshore"
1,"sa",2040,2286.41316742356,"offshore wind|1","offshore"
1,"sa",2041,2261.81716442441,"offshore wind|1","offshore"
1,"sa",2042,2238.2253648718,"offshore wind|1","offshore"
1,"sa",2043,2215.55897580175,"offshore wind|1","offshore"
1,"sa",2044,2193.74812884801,"offshore wind|1","offshore"
1,"sa",2045,2172.73058226502,"offshore wind|1","offshore"
1,"sa",2046,2152.45064724501,"offshore wind|1","offshore"
1,"sa",2047,2132.85830225976,"offshore wind|1","offshore"
1,"sa",2048,2113.90844555229,"offshore wind|1","offshore"
1,"sa",2049,2095.56027455238,"offshore wind|1","offshore"
1,"sa",2050,2077.7767534413,"offshore wind|1","offshore"
1,"tas",2020,3858.81151121177,"offshore wind|1","offshore"
1,"tas",2021,3656.46737530763,"offshore wind|1","offshore"
1,"tas",2022,3491.80434569565,"offshore wind|1","offshore"
1,"tas",2023,3350.97542132814,"offshore wind|1","offshore"
1,"tas",2024,3226.59419060092,"offshore wind|1","offshore"
1,"tas",2025,3114.25162348991,"offshore wind|1","offshore"
1,"tas",2026,3011.10380509954,"offshore wind|1","offshore"
1,"tas",2027,2915.2089315311,"offshore wind|1","offshore"
1,"tas",2028,2825.18199124431,"offshore wind|1","offshore"
1,"tas",2029,2740.00034486963,"offshore wind|1","offshore"
1,"tas",2030,2658.88738760448,"offshore wind|1","offshore"
1,"tas",2031,2615.61911377348,"offshore wind|1","offshore"
1,"tas",2032,2575.33731527555,"offshore wind|1","offshore"
1,"tas",2033,2537.65620895643,"offshore wind|1","offshore"
1,"tas",2034,2502.26025051386,"offshore wind|1","offshore"
1,"tas",2035,2468.88805318411,"offshore wind|1","offshore"
1,"tas",2036,2437.32066224261,"offshore wind|1","offshore"
1,"tas",2037,2407.37284139415,"offshore wind|1","offshore"
1,"tas",2038,2378.88648446174,"offshore wind|1","offshore"
1,"tas",2039,2351.7255637433,"offshore wind|1","offshore"
1,"tas",2040,2325.77220191263,"offshore wind|1","offshore"
1,"tas",2041,2300.92357930271,"offshore wind|1","offshore"
1,"tas",2042,2277.08947417385,"offshore wind|1","offshore"
1,"tas",2043,2254.19028414013,"offshore wind|1","offshore"
1,"tas",2044,2232.15542325917,"offshore wind|1","offshore"
1,"tas",2045,2210.92201058035,"offshore wind|1","offshore"
1,"tas",2046,2190.43378532425,"offshore wind|1","offshore"
1,"tas",2047,2170.64021208241,"offshore wind|1","offshore"
1,"tas",2048,2151.49572599432,"offshore wind|1","offshore"
1,"tas",2049,2132.95910549208,"offshore wind|1","offshore"
1,"tas",2050,2114.99293408958,"offshore wind|1","offshore"
1,"vic-east",2020,3287.74030013208,"offshore wind|1","offshore"
1,"vic-east",2021,3109.06929342733,"offshore wind|1","offshore"
1,"vic-east",2022,2963.56284976369,"offshore wind|1","offshore"
1,"vic-east",2023,2839.03370138543,"offshore wind|1","offshore"
1,"vic-east",2024,2728.98078875843,"offshore wind|1","offshore"
1,"vic-east",2025,2629.52355795492,"offshore wind|1","offshore"
1,"vic-east",2026,2538.15897280497,"offshore wind|1","offshore"
1,"vic-east",2027,2453.17797827593,"offshore wind|1","offshore"
1,"vic-east",2028,2373.36157264815,"offshore wind|1","offshore"
1,"vic-east",2029,2297.80969314054,"offshore wind|1","offshore"
1,"vic-east",2030,2225.83882087631,"offshore wind|1","offshore"
1,"vic-east",2031,2187.75678029083,"offshore wind|1","offshore"
1,"vic-east",2032,2152.30324949052,"offshore wind|1","offshore"
1,"vic-east",2033,2119.13868624445,"offshore wind|1","offshore"
1,"vic-east",2034,2087.98536763728,"offshore wind|1","offshore"
1,"vic-east",2035,2058.61323785577,"offshore wind|1","offshore"
1,"vic-east",2036,2030.82958620754,"offshore wind|1","offshore"
1,"vic-east",2037,2004.47137879697,"offshore wind|1","offshore"
1,"vic-east",2038,1979.39946122636,"offshore wind|1","offshore"
1,"vic-east",2039,1955.49410994407,"offshore wind|1","offshore"
1,"vic-east",2040,1932.65157675163,"offshore wind|1","offshore"
1,"vic-east",2041,1910.78136716222,"offshore wind|1","offshore"
1,"vic-east",2042,1889.80407136725,"offshore wind|1","offshore"
1,"vic-east",2043,1869.64963037236,"offshore wind|1","offshore"
1,"vic-east",2044,1850.25591802762,"offshore wind|1","offshore"
1,"vic-east",2045,1831.56759053281,"offshore wind|1","offshore"
1,"vic-east",2046,1813.53513016587,"offshore wind|1","offshore"
1,"vic-east",2047,1796.1140597325,"offshore wind|1","offshore"
1,"vic-east",2048,1779.26427510557,"offshore wind|1","offshore"
1,"vic-east",2049,1762.94949574051,"offshore wind|1","offshore"
1,"vic-east",2050,1747.13679086184,"offshore wind|1","offshore"
1,"vic-west",2020,3793.79075788559,"offshore wind|1","offshore"
1,"vic-west",2021,3593.946185313,"offshore wind|1","offshore"
1,"vic-west",2022,3431.30156561165,"offshore wind|1","offshore"
1,"vic-west",2023,3292.18671130509,"offshore wind|1","offshore"
1,"vic-west",2024,3169.30952857925,"offshore wind|1","offshore"
1,"vic-west",2025,3058.31728666722,"offshore wind|1","offshore"
1,"vic-west",2026,2956.402384961,"offshore wind|1","offshore"
1,"vic-west",2027,2861.64781464564,"offshore wind|1","offshore"
1,"vic-west",2028,2772.68624933465,"offshore wind|1","offshore"
1,"vic-west",2029,2688.50810796864,"offshore wind|1","offshore"
1,"vic-west",2030,2608.34670235121,"offshore wind|1","offshore"
1,"vic-west",2031,2565.63092490336,"offshore wind|1","offshore"
1,"vic-west",2032,2525.86348826729,"offshore wind|1","offshore"
1,"vic-west",2033,2488.66353536178,"offshore wind|1","offshore"
1,"vic-west",2034,2453.7195510557,"offshore wind|1","offshore"
1,"vic-west",2035,2420.77348633117,"offshore wind|1","offshore"
1,"vic-west",2036,2389.6091822328,"offshore wind|1","offshore"
1,"vic-west",2037,2360.04376770975,"offshore wind|1","offshore"
1,"vic-west",2038,2331.92115562039,"offshore wind|1","offshore"
1,"vic-west",2039,2305.10705507438,"offshore wind|1","offshore"
1,"vic-west",2040,2279.48509399594,"offshore wind|1","offshore"
1,"vic-west",2041,2254.95376577363,"offshore wind|1","offshore"
1,"vic-west",2042,2231.4240003629,"offshore wind|1","offshore"
1,"vic-west",2043,2208.81721215533,"offshore wind|1","offshore"
1,"vic-west",2044,2187.06371638765,"offshore wind|1","offshore"
1,"vic-west",2045,2166.10143506285,"offshore wind|1","offshore"
1,"vic-west",2046,2145.87482572595,"offshore wind|1","offshore"
1,"vic-west",2047,2126.33399842679,"offshore wind|1","offshore"
1,"vic-west",2048,2107.43396997189,"offshore wind|1","offshore"
1,"vic-west",2049,2089.13404516589,"offshore wind|1","offshore"
1,"vic-west",2050,2071.39728548624,"offshore wind|1","offshore"
1,"wa-central",2020,2679.82233661607,"offshore wind|1","offshore"
1,"wa-central",2021,2531.29427456329,"offshore wind|1","offshore"
1,"wa-central",2022,2410.28758712016,"offshore wind|1","offshore"
1,"wa-central",2023,2306.68875822665,"offshore wind|1","offshore"
1,"wa-central",2024,2215.10292949308,"offshore wind|1","offshore"
1,"wa-central",2025,2132.30985108444,"offshore wind|1","offshore"
1,"wa-central",2026,2056.23239681105,"offshore wind|1","offshore"
1,"wa-central",2027,1985.452318829,"offshore wind|1","offshore"
1,"wa-central",2028,1918.95803820115,"offshore wind|1","offshore"
1,"wa-central",2029,1856.00264413367,"offshore wind|1","offshore"
1,"wa-central",2030,1796.01892284652,"offshore wind|1","offshore"
1,"wa-central",2031,1764.41681538962,"offshore wind|1","offshore"
1,"wa-central",2032,1734.99595740293,"offshore wind|1","offshore"
1,"wa-central",2033,1707.47458278282,"offshore wind|1","offshore"
1,"wa-central",2034,1681.62222431316,"offshore wind|1","offshore"
1,"wa-central",2035,1657.24797359887,"offshore wind|1","offshore"
1,"wa-central",2036,1634.19190969041,"offshore wind|1","offshore"
1,"wa-central",2037,1612.31874087485,"offshore wind|1","offshore"
1,"wa-central",2038,1591.51298967759,"offshore wind|1","offshore"
1,"wa-central",2039,1571.67530604882,"offshore wind|1","offshore"
1,"wa-central",2040,1552.71959400218,"offshore wind|1","offshore"
1,"wa-central",2041,1534.57075707078,"offshore wind|1","offshore"
1,"wa-central",2042,1517.16289896688,"offshore wind|1","offshore"
1,"wa-central",2043,1500.43788032926,"offshore wind|1","offshore"
1,"wa-central",2044,1484.34414760969,"offshore wind|1","offshore"
1,"wa-central",2045,1468.8357731495,"offshore wind|1","offshore"
1,"wa-central",2046,1453.87166567282,"offshore wind|1","offshore"
1,"wa-central",2047,1439.41491516281,"offshore wind|1","offshore"
1,"wa-central",2048,1425.43224261949,"offshore wind|1","offshore"
1,"wa-central",2049,1411.89354026556,"offshore wind|1","offshore"
1,"wa-central",2050,1398.77148033679,"offshore wind|1","offshore"
1,"wa-south",2020,4037.56942631879,"offshore wind|1","offshore"
1,"wa-south",2021,3826.51072481865,"offshore wind|1","offshore"
1,"wa-south",2022,3654.76733487442,"offshore wind|1","offshore"
1,"wa-south",2023,3507.8917192523,"offshore wind|1","offshore"
1,"wa-south",2024,3378.17712290797,"offshore wind|1","offshore"
1,"wa-south",2025,3261.02329909896,"offshore wind|1","offshore"
1,"wa-south",2026,3153.46299409202,"offshore wind|1","offshore"
1,"wa-south",2027,3053.47018961601,"offshore wind|1","offshore"
1,"wa-south",2028,2959.59980660323,"offshore wind|1","offshore"
1,"wa-south",2029,2870.78485477544,"offshore wind|1","offshore"
1,"wa-south",2030,2786.21504860798,"offshore wind|1","offshore"
1,"wa-south",2031,2741.07025824135,"offshore wind|1","offshore"
1,"wa-south",2032,2699.04146483121,"offshore wind|1","offshore"
1,"wa-south",2033,2659.72615365079,"offshore wind|1","offshore"
1,"wa-south",2034,2622.79509567775,"offshore wind|1","offshore"
1,"wa-south",2035,2587.97556842755,"offshore wind|1","offshore"
1,"wa-south",2036,2555.03912040402,"offshore wind|1","offshore"
1,"wa-south",2037,2523.79248230454,"offshore wind|1","offshore"
1,"wa-south",2038,2494.07069105669,"offshore wind|1","offshore"
1,"wa-south",2039,2465.73181907546,"offshore wind|1","offshore"
1,"wa-south",2040,2438.65287710823,"offshore wind|1","offshore"
1,"wa-south",2041,2412.72658590088,"offshore wind|1","offshore"
1,"wa-south",2042,2387.85881152354,"offshore wind|1","offshore"
1,"wa-south",2043,2363.96649865167,"offshore wind|1","offshore"
1,"wa-south",2044,2340.97600043266,"offshore wind|1","offshore"
1,"wa-south",2045,2318.82170853002,"offshore wind|1","offshore"
1,"wa-south",2046,2297.44492248024,"offshore wind|1","offshore"
1,"wa-south",2047,2276.79291511988,"offshore wind|1","offshore"
1,"wa-south",2048,2256.81814541489,"offshore wind|1","offshore"
1,"wa-south",2049,2237.47760369448,"offshore wind|1","offshore"
1,"wa-south",2050,2218.73225132555,"offshore wind|1","offshore"
2,"ex-wa",2020,3561.42006375544,"offshore wind|2","offshore"
2,"ex-wa",2021,3372.62888506849,"offshore wind|2","offshore"
2,"ex-wa",2022,3218.95977078971,"offshore wind|2","offshore"
2,"ex-wa",2023,3087.50611333287,"offshore wind|2","offshore"
2,"ex-wa",2024,2971.38313518116,"offshore wind|2","offshore"
2,"ex-wa",2025,2866.48123726668,"offshore wind|2","offshore"
2,"ex-wa",2026,2770.14964408659,"offshore wind|2","offshore"
2,"ex-wa",2027,2680.57842545972,"offshore wind|2","offshore"
2,"ex-wa",2028,2596.4766303939,"offshore wind|2","offshore"
2,"ex-wa",2029,2516.89107023554,"offshore wind|2","offshore"
2,"ex-wa",2030,2441.09788177854,"offshore wind|2","offshore"
2,"ex-wa",2031,2400.76809176911,"offshore wind|2","offshore"
2,"ex-wa",2032,2363.2219561218,"offshore wind|2","offshore"
2,"ex-wa",2033,2328.09989162198,"offshore wind|2","offshore"
2,"ex-wa",2034,2295.10778325489,"offshore wind|2","offshore"
2,"ex-wa",2035,2264.00199626726,"offshore wind|2","offshore"
2,"ex-wa",2036,2234.5784455956,"offshore wind|2","offshore"
2,"ex-wa",2037,2206.664474905,"offshore wind|2","offshore"
2,"ex-wa",2038,2180.11271542066,"offshore wind|2","offshore"
2,"ex-wa",2039,2154.79637782959,"offshore wind|2","offshore"
2,"ex-wa",2040,2130.60558992283,"offshore wind|2","offshore"
2,"ex-wa",2041,2107.44451505046,"offshore wind|2","offshore"
2,"ex-wa",2042,2085.22905841108,"offshore wind|2","offshore"
2,"ex-wa",2043,2063.88502391609,"offshore wind|2","offshore"
2,"ex-wa",2044,2043.34661939855,"offshore wind|2","offshore"
2,"ex-wa",2045,2023.55523420386,"offshore wind|2","offshore"
2,"ex-wa",2046,2004.45842838161,"offshore wind|2","offshore"
2,"ex-wa",2047,1986.00909855654,"offshore wind|2","offshore"
2,"ex-wa",2048,1968.16477439456,"offshore wind|2","offshore"
2,"ex-wa",2049,1950.88703375953,"offshore wind|2","offshore"
2,"ex-wa",2050,1934.14100125806,"offshore wind|2","offshore"
2,"nsw-south",2020,4148.521686877,"offshore wind|2","offshore"
2,"nsw-south",2021,3934.73743763652,"offshore wind|2","offshore"
2,"nsw-south",2022,3760.82933998519,"offshore wind|2","offshore"
2,"nsw-south",2023,3612.14376091462,"offshore wind|2","offshore"
2,"nsw-south",2024,3480.86400644212,"offshore wind|2","offshore"
2,"nsw-south",2025,3362.32420654696,"offshore wind|2","offshore"
2,"nsw-south",2026,3253.51477881253,"offshore wind|2","offshore"
2,"nsw-south",2027,3152.38080293312,"offshore wind|2","offshore"
2,"nsw-south",2028,3057.45658677491,"offshore wind|2","offshore"
2,"nsw-south",2029,2967.6599183177,"offshore wind|2","offshore"
2,"nsw-south",2030,2882.16895279022,"offshore wind|2","offshore"
2,"nsw-south",2031,2836.38016326287,"offshore wind|2","offshore"
2,"nsw-south",2032,2793.75182066637,"offshore wind|2","offshore"
2,"nsw-south",2033,2753.87566891256,"offshore wind|2","offshore"
2,"nsw-south",2034,2716.41778243132,"offshore wind|2","offshore"
2,"nsw-south",2035,2681.10154714065,"offshore wind|2","offshore"
2,"nsw-south",2036,2647.6952543208,"offshore wind|2","offshore"
2,"nsw-south",2037,2616.00287697074,"offshore wind|2","offshore"
2,"nsw-south",2038,2585.857098213,"offshore wind|2","offshore"
2,"nsw-south",2039,2557.11396677505,"offshore wind|2","offshore"
2,"nsw-south",2040,2529.64873839846,"offshore wind|2","offshore"
2,"nsw-south",2041,2503.35260344501,"offshore wind|2","offshore"
2,"nsw-south",2042,2478.13008544659,"offshore wind|2","offshore"
2,"nsw-south",2043,2453.89694404471,"offshore wind|2","offshore"
2,"nsw-south",2044,2430.5784816731,"offshore wind|2","offshore"
2,"nsw-south",2045,2408.10815451736,"offshore wind|2","offshore"
2,"nsw-south",2046,2386.42642452289,"offshore wind|2","offshore"
2,"nsw-south",2047,2365.47981192086,"offshore wind|2","offshore"
2,"nsw-south",2048,2345.22009803139,"offshore wind|2","offshore"
2,"nsw-south",2049,2325.60366016705,"offshore wind|2","offshore"
2,"nsw-south",2050,2306.5909013075,"offshore wind|2","offshore"
2,"tas",2020,3363.76932769832,"offshore wind|2","offshore"
2,"tas",2021,3182.48968815849,"offshore wind|2","offshore"
2,"tas",2022,3034.88414265153,"offshore wind|2","offshore"
2,"tas",2023,2908.57818176556,"offshore wind|2","offshore"
2,"tas",2024,2796.9708654123,"offshore wind|2","offshore"
2,"tas",2025,2696.1220199986,"offshore wind|2","offshore"
2,"tas",2026,2603.49015328312,"offshore wind|2","offshore"
2,"tas",2027,2517.33995272656,"offshore wind|2","offshore"
2,"tas",2028,2436.4336885738,"offshore wind|2","offshore"
2,"tas",2029,2359.85746947959,"offshore wind|2","offshore"
2,"tas",2030,2286.91727503236,"offshore wind|2","offshore"
2,"tas",2031,2248.25015285549,"offshore wind|2","offshore"
2,"tas",2032,2212.25192403989,"offshore wind|2","offshore"
2,"tas",2033,2178.57782980279,"offshore wind|2","offshore"
2,"tas",2034,2146.94588041108,"offshore wind|2","offshore"
2,"tas",2035,2117.12248544767,"offshore wind|2","offshore"
2,"tas",2036,2088.91197360025,"offshore wind|2","offshore"
2,"tas",2037,2062.14880626578,"offshore wind|2","offshore"
2,"tas",2038,2036.69169079287,"offshore wind|2","offshore"
2,"tas",2039,2012.41906454064,"offshore wind|2","offshore"
2,"tas",2040,1989.22558518802,"offshore wind|2","offshore"
2,"tas",2041,1967.01936767356,"offshore wind|2","offshore"
2,"tas",2042,1945.71978279539,"offshore wind|2","offshore"
2,"tas",2043,1925.25569460035,"offshore wind|2","offshore"
2,"tas",2044,1905.56402272315,"offshore wind|2","offshore"
2,"tas",2045,1886.58857301876,"offshore wind|2","offshore"
2,"tas",2046,1868.279067128,"offshore wind|2","offshore"
2,"tas",2047,1850.59034420317,"offshore wind|2","offshore"
2,"tas",2048,1833.48168427553,"offshore wind|2","offshore"
2,"tas",2049,1816.91624937078,"offshore wind|2","offshore"
2,"tas",2050,1800.86060241141,"offshore wind|2","offshore"
2,"vic-east",2020,3351.68755992945,"offshore wind|2","offshore"
2,"vic-east",2021,3170.41624092074,"offshore wind|2","offshore"
2,"vic-east",2022,3022.80669437713,"offshore wind|2","offshore"
2,"vic-east",2023,2896.48893875744,"offshore wind|2","offshore"
2,"vic-east",2024,2784.86444937575,"offshore wind|2","offshore"
2,"vic-east",2025,2683.9944943344,"offshore wind|2","offshore"
2,"vic-east",2026,2591.33851138745,"offshore wind|2","offshore"
2,"vic-east",2027,2505.16182301495,"offshore wind|2","offshore"
2,"vic-east",2028,2424.2271521442,"offshore wind|2","offshore"
2,"vic-east",2029,2347.62094195015,"offshore wind|2","offshore"
2,"vic-east",2030,2274.64942606582,"offshore wind|2","offshore"
2,"vic-east",2031,2235.99645229928,"offshore wind|2","offshore"
2,"vic-east",2032,2200.01139540655,"offshore wind|2","offshore"
2,"vic-east",2033,2166.34962270303,"offshore wind|2","offshore"
2,"vic-east",2034,2134.72924765404,"offshore wind|2","offshore"
2,"vic-east",2035,2104.91676523196,"offshore wind|2","offshore"
2,"vic-east",2036,2076.71657578197,"offshore wind|2","offshore"
2,"vic-east",2037,2049.96320114291,"offshore wind|2","offshore"
2,"vic-east",2038,2024.51540059534,"offshore wind|2","offshore"
2,"vic-east",2039,2000.25165574804,"offshore wind|2","offshore"
2,"vic-east",2040,1977.0666629656,"offshore wind|2","offshore"
2,"vic-east",2041,1954.86857096832,"offshore wind|2","offshore"
2,"vic-east",2042,1933.57677961355,"offshore wind|2","offshore"
2,"vic-east",2043,1913.1201793982,"offshore wind|2","offshore"
2,"vic-east",2044,1893.43571279721,"offshore wind|2","offshore"
2,"vic-east",2045,1874.4672063317,"offshore wind|2","offshore"
2,"vic-east",2046,1856.1643999129,"offshore wind|2","offshore"
2,"vic-east",2047,1838.48214943897,"offshore wind|2","offshore"
2,"vic-east",2048,1821.37974962158,"offshore wind|2","offshore"
2,"vic-east",2049,1804.82037603542,"offshore wind|2","offshore"
2,"vic-east",2050,1788.77060401333,"offshore wind|2","offshore"
2,"vic-west",2020,3497.05979195244,"offshore wind|2","offshore"
2,"vic-west",2021,3309.99154251867,"offshore wind|2","offshore"
2,"vic-west",2022,3157.69604662059,"offshore wind|2","offshore"
2,"vic-west",2023,3027.39506099667,"offshore wind|2","offshore"
2,"vic-west",2024,2912.27228162834,"offshore wind|2","offshore"
2,"vic-west",2025,2808.25898186601,"offshore wind|2","offshore"
2,"vic-west",2026,2712.73074995755,"offshore wind|2","offshore"
2,"vic-west",2027,2623.89565665973,"offshore wind|2","offshore"
2,"vic-west",2028,2540.47558988024,"offshore wind|2","offshore"
2,"vic-west",2029,2461.5268412526,"offshore wind|2","offshore"
2,"vic-west",2030,2386.33274705635,"offshore wind|2","offshore"
2,"vic-west",2031,2346.40406153188,"offshore wind|2","offshore"
2,"vic-west",2032,2309.23134535452,"offshore wind|2","offshore"
2,"vic-west",2033,2274.45859155275,"offshore wind|2","offshore"
2,"vic-west",2034,2241.79461026107,"offshore wind|2","offshore"
2,"vic-west",2035,2210.9981895138,"offshore wind|2","offshore"
2,"vic-west",2036,2181.8672743441,"offshore wind|2","offshore"
2,"vic-west",2037,2154.23092514266,"offshore wind|2","offshore"
2,"vic-west",2038,2127.94323936737,"offshore wind|2","offshore"
2,"vic-west",2039,2102.87868823268,"offshore wind|2","offshore"
2,"vic-west",2040,2078.92849255041,"offshore wind|2","offshore"
2,"vic-west",2041,2055.99776930194,"offshore wind|2","offshore"
2,"vic-west",2042,2034.00325881887,"offshore wind|2","offshore"
2,"vic-west",2043,2012.87150411867,"offshore wind|2","offshore"
2,"vic-west",2044,1992.53736670168,"offshore wind|2","offshore"
2,"vic-west",2045,1972.9428191555,"offshore wind|2","offshore"
2,"vic-west",2046,1954.03594269501,"offshore wind|2","offshore"
2,"vic-west",2047,1935.77010297815,"offshore wind|2","offshore"
2,"vic-west",2048,1918.10325153546,"offshore wind|2","offshore"
2,"vic-west",2049,1900.99734861508,"offshore wind|2","offshore"
2,"vic-west",2050,1884.41786598186,"offshore wind|2","offshore"
2,"wa-central",2020,3246.74647171017,"offshore wind|2","offshore"
2,"wa-central",2021,3069.57657095019,"offshore wind|2","offshore"
2,"wa-central",2022,2925.28051992558,"offshore wind|2","offshore"
2,"wa-central",2023,2801.77788175801,"offshore wind|2","offshore"
2,"wa-central",2024,2692.6245838271,"offshore wind|2","offshore"
2,"wa-central",2025,2593.97408826124,"offshore wind|2","offshore"
2,"wa-central",2026,2503.34530002204,"offshore wind|2","offshore"
2,"wa-central",2027,2419.04414530685,"offshore wind|2","offshore"
2,"wa-central",2028,2339.86230773612,"offshore wind|2","offshore"
2,"wa-central",2029,2264.9076144025,"offshore wind|2","offshore"
2,"wa-central",2030,2193.50253806579,"offshore wind|2","offshore"
2,"wa-central",2031,2155.75431627859,"offshore wind|2","offshore"
2,"wa-central",2032,2120.61156337789,"offshore wind|2","offshore"
2,"wa-central",2033,2087.73771344952,"offshore wind|2","offshore"
2,"wa-central",2034,2056.85747801041,"offshore wind|2","offshore"
2,"wa-central",2035,2027.74281794711,"offshore wind|2","offshore"
2,"wa-central",2036,2000.20271172467,"offshore wind|2","offshore"
2,"wa-central",2037,1974.07555454768,"offshore wind|2","offshore"
2,"wa-central",2038,1949.22341194598,"offshore wind|2","offshore"
2,"wa-central",2039,1925.52760971374,"offshore wind|2","offshore"
2,"wa-central",2040,1902.88530914864,"offshore wind|2","offshore"
2,"wa-central",2041,1881.20680911691,"offshore wind|2","offshore"
2,"wa-central",2042,1860.41339564585,"offshore wind|2","offshore"
2,"wa-central",2043,1840.43562409597,"offshore wind|2","offshore"
2,"wa-central",2044,1821.21191280749,"offshore wind|2","offshore"
2,"wa-central",2045,1802.68740311577,"offshore wind|2","offshore"
2,"wa-central",2046,1784.81301131439,"offshore wind|2","offshore"
2,"wa-central",2047,1767.54465021507,"offshore wind|2","offshore"
2,"wa-central",2048,1750.84256711145,"offshore wind|2","offshore"
2,"wa-central",2049,1734.67079947969,"offshore wind|2","offshore"
2,"wa-central",2050,1718.99670538113,"offshore wind|2","offshore"
2,"wa-south",2020,3596.49115571029,"offshore wind|2","offshore"
2,"wa-south",2021,3405.46201697929,"offshore wind|2","offshore"
2,"wa-south",2022,3249.96482825468,"offshore wind|2","offshore"
2,"wa-south",2023,3116.9423578538,"offshore wind|2","offshore"
2,"wa-south",2024,2999.42948076842,"offshore wind|2","offshore"
2,"wa-south",2025,2893.26863755116,"offshore wind|2","offshore"
2,"wa-south",2026,2795.77811731912,"offshore wind|2","offshore"
2,"wa-south",2027,2705.12686747333,"offshore wind|2","offshore"
2,"wa-south",2028,2620.00887103572,"offshore wind|2","offshore"
2,"wa-south",2029,2539.459815377,"offshore wind|2","offshore"
2,"wa-south",2030,2462.74738971368,"offshore wind|2","offshore"
2,"wa-south",2031,2421.94693788152,"offshore wind|2","offshore"
2,"wa-south",2032,2383.96262665238,"offshore wind|2","offshore"
2,"wa-south",2033,2348.43067635973,"offshore wind|2","offshore"
2,"wa-south",2034,2315.05353964348,"offshore wind|2","offshore"
2,"wa-south",2035,2283.58473794697,"offshore wind|2","offshore"
2,"wa-south",2036,2253.81780502563,"offshore wind|2","offshore"
2,"wa-south",2037,2225.57806915077,"offshore wind|2","offshore"
2,"wa-south",2038,2198.71644209097,"offshore wind|2","offshore"
2,"wa-south",2039,2173.10465453245,"offshore wind|2","offshore"
2,"wa-south",2040,2148.63155224318,"offshore wind|2","offshore"
2,"wa-south",2041,2125.20018044535,"offshore wind|2","offshore"
2,"wa-south",2042,2102.72546206563,"offshore wind|2","offshore"
2,"wa-south",2043,2081.13233595545,"offshore wind|2","offshore"
2,"wa-south",2044,2060.35424156652,"offshore wind|2","offshore"
2,"wa-south",2045,2040.33188458936,"offshore wind|2","offshore"
2,"wa-south",2046,2021.01221275678,"offshore wind|2","offshore"
2,"wa-south",2047,2002.34757336022,"offshore wind|2","offshore"
2,"wa-south",2048,1984.29500005923,"offshore wind|2","offshore"
2,"wa-south",2049,1966.81562260149,"offshore wind|2","offshore"
2,"wa-south",2050,1949.87415861807,"offshore wind|2","offshore"
3,"ex-sa",2020,3136.07137487342,"offshore wind|3","offshore"
3,"ex-sa",2021,2964.10203503067,"offshore wind|3","offshore"
3,"ex-sa",2022,2824.0276939213,"offshore wind|3","offshore"
3,"ex-sa",2023,2704.12762151337,"offshore wind|3","offshore"
3,"ex-sa",2024,2598.14962367266,"offshore wind|3","offshore"
3,"ex-sa",2025,2502.36169693687,"offshore wind|3","offshore"
3,"ex-sa",2026,2414.35662339433,"offshore wind|3","offshore"
3,"ex-sa",2027,2332.49077185762,"offshore wind|3","offshore"
3,"ex-sa",2028,2255.59180477228,"offshore wind|3","offshore"
3,"ex-sa",2029,2182.7941146118,"offshore wind|3","offshore"
3,"ex-sa",2030,2113.44034812497,"offshore wind|3","offshore"
3,"ex-sa",2031,2076.81611663909,"offshore wind|3","offshore"
3,"ex-sa",2032,2042.71977360658,"offshore wind|3","offshore"
3,"ex-sa",2033,2010.82477474119,"offshore wind|3","offshore"
3,"ex-sa",2034,1980.86402840599,"offshore wind|3","offshore"
3,"ex-sa",2035,1952.61628593239,"offshore wind|3","offshore"
3,"ex-sa",2036,1925.89621331096,"offshore wind|3","offshore"
3,"ex-sa",2037,1900.54701783785,"offshore wind|3","offshore"
3,"ex-sa",2038,1876.43487206157,"offshore wind|3","offshore"
3,"ex-sa",2039,1853.4446355904,"offshore wind|3","offshore"
3,"ex-sa",2040,1831.47653169239,"offshore wind|3","offshore"
3,"ex-sa",2041,1810.44353016367,"offshore wind|3","offshore"
3,"ex-sa",2042,1790.26926093452,"offshore wind|3","offshore"
3,"ex-sa",2043,1770.88634701487,"offshore wind|3","offshore"
3,"ex-sa",2044,1752.23504059101,"offshore wind|3","offshore"
3,"ex-sa",2045,1734.26211629285,"offshore wind|3","offshore"
3,"ex-sa",2046,1716.91995202636,"offshore wind|3","offshore"
3,"ex-sa",2047,1700.16577326033,"offshore wind|3","offshore"
3,"ex-sa",2048,1683.96101107189,"offshore wind|3","offshore"
3,"ex-sa",2049,1668.27077363109,"offshore wind|3","offshore"
3,"ex-sa",2050,1653.06339101288,"offshore wind|3","offshore"
3,"ex-wa",2020,2502.175034,"offshore wind|3","offshore"
3,"ex-wa",2021,2363.342305,"offshore wind|3","offshore"
3,"ex-wa",2022,2250.232006,"offshore wind|3","offshore"
3,"ex-wa",2023,2153.391695,"offshore wind|3","offshore"
3,"ex-wa",2024,2067.77915,"offshore wind|3","offshore"
3,"ex-wa",2025,1990.384614,"offshore wind|3","offshore"
3,"ex-wa",2026,1919.266733,"offshore wind|3","offshore"
3,"ex-wa",2027,1853.099963,"offshore wind|3","offshore"
3,"ex-wa",2028,1790.938848,"offshore wind|3","offshore"
3,"ex-wa",2029,1732.085299,"offshore wind|3","offshore"
3,"ex-wa",2030,1676.009178,"offshore wind|3","offshore"
3,"ex-wa",2031,1646.472754,"offshore wind|3","offshore"
3,"ex-wa",2032,1618.975001,"offshore wind|3","offshore"
3,"ex-wa",2033,1593.252571,"offshore wind|3","offshore"
3,"ex-wa",2034,1569.090061,"offshore wind|3","offshore"
3,"ex-wa",2035,1546.309042,"offshore wind|3","offshore"
3,"ex-wa",2036,1524.760046,"offshore wind|3","offshore"
3,"ex-wa",2037,1504.316625,"offshore wind|3","offshore"
3,"ex-wa",2038,1484.870849,"offshore wind|3","offshore"
3,"ex-wa",2039,1466.329863,"offshore wind|3","offshore"
3,"ex-wa",2040,1448.613198,"offshore wind|3","offshore"
3,"ex-wa",2041,1431.650666,"offshore wind|3","offshore"
3,"ex-wa",2042,1415.380679,"offshore wind|3","offshore"
3,"ex-wa",2043,1399.748897,"offshore wind|3","offshore"
3,"ex-wa",2044,1384.707137,"offshore wind|3","offshore"
3,"ex-wa",2045,1370.212473,"offshore wind|3","offshore"
3,"ex-wa",2046,1356.2265,"offshore wind|3","offshore"
3,"ex-wa",2047,1342.71472,"offshore wind|3","offshore"
3,"ex-wa",2048,1329.64603,"offshore wind|3","offshore"
3,"ex-wa",2049,1316.99229,"offshore wind|3","offshore"
3,"ex-wa",2050,1304.727958,"offshore wind|3","offshore"
3,"nsw-central",2020,4238.37339765385,"offshore wind|3","offshore"
3,"nsw-central",2021,4018.2012206246,"offshore wind|3","offshore"
3,"nsw-central",2022,3839.06589120465,"offshore wind|3","offshore"
3,"nsw-central",2023,3685.88724398261,"offshore wind|3","offshore"
3,"nsw-central",2024,3550.62106135997,"offshore wind|3","offshore"
3,"nsw-central",2025,3428.46566140798,"offshore wind|3","offshore"
3,"nsw-central",2026,3316.32386035442,"offshore wind|3","offshore"
3,"nsw-central",2027,3212.08092505526,"offshore wind|3","offshore"
3,"nsw-central",2028,3114.22849927862,"offshore wind|3","offshore"
3,"nsw-central",2029,3021.6528715222,"offshore wind|3","offshore"
3,"nsw-central",2030,2933.50827555729,"offshore wind|3","offshore"
3,"nsw-central",2031,2886.38668880911,"offshore wind|3","offshore"
3,"nsw-central",2032,2842.51754210225,"offshore wind|3","offshore"
3,"nsw-central",2033,2801.48069516814,"offshore wind|3","offshore"
3,"nsw-central",2034,2762.93250293567,"offshore wind|3","offshore"
3,"nsw-central",2035,2726.58830119125,"offshore wind|3","offshore"
3,"nsw-central",2036,2692.20963453418,"offshore wind|3","offshore"
3,"nsw-central",2037,2659.59477124012,"offshore wind|3","offshore"
3,"nsw-central",2038,2628.57152473573,"offshore wind|3","offshore"
3,"nsw-central",2039,2598.99175254015,"offshore wind|3","offshore"
3,"nsw-central",2040,2570.72708013173,"offshore wind|3","offshore"
3,"nsw-central",2041,2543.66553032912,"offshore wind|3","offshore"
3,"nsw-central",2042,2517.70884807775,"offshore wind|3","offshore"
3,"nsw-central",2043,2492.77034047787,"offshore wind|3","offshore"
3,"nsw-central",2044,2468.77313620832,"offshore wind|3","offshore"
3,"nsw-central",2045,2445.6487538736,"offshore wind|3","offshore"
3,"nsw-central",2046,2423.33592292113,"offshore wind|3","offshore"
3,"nsw-central",2047,2401.77960716674,"offshore wind|3","offshore"
3,"nsw-central",2048,2380.93018396308,"offshore wind|3","offshore"
3,"nsw-central",2049,2360.74276008873,"offshore wind|3","offshore"
3,"nsw-central",2050,2341.17658770112,"offshore wind|3","offshore"
3,"nsw-north",2020,3741.96665931873,"offshore wind|3","offshore"
3,"nsw-north",2021,3544.15740308743,"offshore wind|3","offshore"
3,"nsw-north",2022,3383.15732367603,"offshore wind|3","offshore"
3,"nsw-north",2023,3245.43983541065,"offshore wind|3","offshore"
3,"nsw-north",2024,3123.78944610708,"offshore wind|3","offshore"
3,"nsw-north",2025,3013.89914930143,"offshore wind|3","offshore"
3,"nsw-north",2026,2912.99083758192,"offshore wind|3","offshore"
3,"nsw-north",2027,2819.16763984176,"offshore wind|3","offshore"
3,"nsw-north",2028,2731.07659296878,"offshore wind|3","offshore"
3,"nsw-north",2029,2647.71872140959,"offshore wind|3","offshore"
3,"nsw-north",2030,2568.33539087985,"offshore wind|3","offshore"
3,"nsw-north",2031,2526.0683318023,"offshore wind|3","offshore"
3,"nsw-north",2032,2486.71864199819,"offshore wind|3","offshore"
3,"nsw-north",2033,2449.90946516344,"offshore wind|3","offshore"
3,"nsw-north",2034,2415.33255851849,"offshore wind|3","offshore"
3,"nsw-north",2035,2382.73258389959,"offshore wind|3","offshore"
3,"nsw-north",2036,2351.89565291242,"offshore wind|3","offshore"
3,"nsw-north",2037,2322.64081552628,"offshore wind|3","offshore"
3,"nsw-north",2038,2294.81362435542,"offshore wind|3","offshore"
3,"nsw-north",2039,2268.28119910897,"offshore wind|3","offshore"
3,"nsw-north",2040,2242.92839020982,"offshore wind|3","offshore"
3,"nsw-north",2041,2218.65475742769,"offshore wind|3","offshore"
3,"nsw-north",2042,2195.37216617799,"offshore wind|3","offshore"
3,"nsw-north",2043,2173.00285655367,"offshore wind|3","offshore"
3,"nsw-north",2044,2151.47787575644,"offshore wind|3","offshore"
3,"nsw-north",2045,2130.73579788351,"offshore wind|3","offshore"
3,"nsw-north",2046,2110.72166391381,"offshore wind|3","offshore"
3,"nsw-north",2047,2091.3861080794,"offshore wind|3","offshore"
3,"nsw-north",2048,2072.68461962923,"offshore wind|3","offshore"
3,"nsw-north",2049,2054.57693083726,"offshore wind|3","offshore"
3,"nsw-north",2050,2037.02649137321,"offshore wind|3","offshore"
3,"nsw-south",2020,3483.24808585914,"offshore wind|3","offshore"
3,"nsw-south",2021,3297.26007668991,"offshore wind|3","offshore"
3,"nsw-south",2022,3145.84978907849,"offshore wind|3","offshore"
3,"nsw-south",2023,3016.31065011713,"offshore wind|3","offshore"
3,"nsw-south",2024,2901.86458660275,"offshore wind|3","offshore"
3,"nsw-south",2025,2798.46569238832,"offshore wind|3","offshore"
3,"nsw-south",2026,2703.50427538817,"offshore wind|3","offshore"
3,"nsw-south",2027,2615.19845670481,"offshore wind|3","offshore"
3,"nsw-south",2028,2532.27729313923,"offshore wind|3","offshore"
3,"nsw-south",2029,2453.80236916206,"offshore wind|3","offshore"
3,"nsw-south",2030,2379.06104056913,"offshore wind|3","offshore"
3,"nsw-south",2031,2339.35630520063,"offshore wind|3","offshore"
3,"nsw-south",2032,2302.39208155064,"offshore wind|3","offshore"
3,"nsw-south",2033,2267.8143595676,"offshore wind|3","offshore"
3,"nsw-south",2034,2235.33358255274,"offshore wind|3","offshore"
3,"nsw-south",2035,2204.70989117067,"offshore wind|3","offshore"
3,"nsw-south",2036,2175.74236415256,"offshore wind|3","offshore"
3,"nsw-south",2037,2148.26102043167,"offshore wind|3","offshore"
3,"nsw-south",2038,2122.12077570655,"offshore wind|3","offshore"
3,"nsw-south",2039,2097.1968054693,"offshore wind|3","offshore"
3,"nsw-south",2040,2073.38094050864,"offshore wind|3","offshore"
3,"nsw-south",2041,2050.5788300517,"offshore wind|3","offshore"
3,"nsw-south",2042,2028.70768131755,"offshore wind|3","offshore"
3,"nsw-south",2043,2007.69444942495,"offshore wind|3","offshore"
3,"nsw-south",2044,1987.47436112364,"offshore wind|3","offshore"
3,"nsw-south",2045,1967.98971458758,"offshore wind|3","offshore"
3,"nsw-south",2046,1949.18888213486,"offshore wind|3","offshore"
3,"nsw-south",2047,1931.02549093759,"offshore wind|3","offshore"
3,"nsw-south",2048,1913.45772844935,"offshore wind|3","offshore"
3,"nsw-south",2049,1896.44776842342,"offshore wind|3","offshore"
3,"nsw-south",2050,1879.9612759534,"offshore wind|3","offshore"
3,"nt",2020,3228.68299402336,"offshore wind|3","offshore"
3,"nt",2021,3054.05527979972,"offshore wind|3","offshore"
3,"nt",2022,2911.85548286429,"offshore wind|3","offshore"
3,"nt",2023,2790.16703737906,"offshore wind|3","offshore"
3,"nt",2024,2682.63328391786,"offshore wind|3","offshore"
3,"nt",2025,2585.45986281821,"offshore wind|3","offshore"
3,"nt",2026,2496.19933489324,"offshore wind|3","offshore"
3,"nt",2027,2413.18060606686,"offshore wind|3","offshore"
3,"nt",2028,2335.21175148345,"offshore wind|3","offshore"
3,"nt",2029,2261.4127000642,"offshore wind|3","offshore"
3,"nt",2030,2191.11511488883,"offshore wind|3","offshore"
3,"nt",2031,2153.87894631772,"offshore wind|3","offshore"
3,"nt",2032,2119.21290330237,"offshore wind|3","offshore"
3,"nt",2033,2086.7849857355,"offshore wind|3","offshore"
3,"nt",2034,2056.32363928604,"offshore wind|3","offshore"
3,"nt",2035,2027.60391816096,"offshore wind|3","offshore"
3,"nt",2036,2000.43739226969,"offshore wind|3","offshore"
3,"nt",2037,1974.66464906166,"offshore wind|3","offshore"
3,"nt",2038,1950.14962450907,"offshore wind|3","offshore"
3,"nt",2039,1926.77525500228,"offshore wind|3","offshore"
3,"nt",2040,1904.44009634366,"offshore wind|3","offshore"
3,"nt",2041,1883.05566392025,"offshore wind|3","offshore"
3,"nt",2042,1862.54431239441,"offshore wind|3","offshore"
3,"nt",2043,1842.83753830495,"offshore wind|3","offshore"
3,"nt",2044,1823.87459581119,"offshore wind|3","offshore"
3,"nt",2045,1805.60137026836,"offshore wind|3","offshore"
3,"nt",2046,1787.96944398179,"offshore wind|3","offshore"
3,"nt",2047,1770.93532725301,"offshore wind|3","offshore"
3,"nt",2048,1754.45980721413,"offshore wind|3","offshore"
3,"nt",2049,1738.50740915163,"offshore wind|3","offshore"
3,"nt",2050,1723.04593318703,"offshore wind|3","offshore"
3,"qld-south",2020,3414.94160820969,"offshore wind|3","offshore"
3,"qld-south",2021,3231.1930506546,"offshore wind|3","offshore"
3,"qld-south",2022,3081.58205018065,"offshore wind|3","offshore"
3,"qld-south",2023,2953.56378449762,"offshore wind|3","offshore"
3,"qld-south",2024,2840.44646359933,"offshore wind|3","offshore"
3,"qld-south",2025,2738.23568453784,"offshore wind|3","offshore"
3,"qld-south",2026,2644.35497598915,"offshore wind|3","offshore"
3,"qld-south",2027,2557.04514206007,"offshore wind|3","offshore"
3,"qld-south",2028,2475.05141779758,"offshore wind|3","offshore"
3,"qld-south",2029,2397.44733383047,"offshore wind|3","offshore"
3,"qld-south",2030,2323.52931784288,"offshore wind|3","offshore"
3,"qld-south",2031,2284.33001267695,"offshore wind|3","offshore"
3,"qld-south",2032,2247.83633339738,"offshore wind|3","offshore"
3,"qld-south",2033,2213.69877616203,"offshore wind|3","offshore"
3,"qld-south",2034,2181.6314702278,"offshore wind|3","offshore"
3,"qld-south",2035,2151.39761022006,"offshore wind|3","offshore"
3,"qld-south",2036,2122.79883170124,"offshore wind|3","offshore"
3,"qld-south",2037,2095.66731778596,"offshore wind|3","offshore"
3,"qld-south",2038,2069.85983122458,"offshore wind|3","offshore"
3,"qld-south",2039,2045.25313617105,"offshore wind|3","offshore"
3,"qld-south",2040,2021.7404405486,"offshore wind|3","offshore"
3,"qld-south",2041,1999.22859460864,"offshore wind|3","offshore"
3,"qld-south",2042,1977.63585951091,"offshore wind|3","offshore"
3,"qld-south",2043,1956.89012017619,"offshore wind|3","offshore"
3,"qld-south",2044,1936.92742806377,"offshore wind|3","offshore"
3,"qld-south",2045,1917.69081561316,"offshore wind|3","offshore"
3,"qld-south",2046,1899.12931250137,"offshore wind|3","offshore"
3,"qld-south",2047,1881.19713633358,"offshore wind|3","offshore"
3,"qld-south",2048,1863.85300666835,"offshore wind|3","offshore"
3,"qld-south",2049,1847.05957849534,"offshore wind|3","offshore"
3,"qld-south",2050,1830.78295461766,"offshore wind|3","offshore"
3,"sa",2020,3088.8590065074,"offshore wind|3","offshore"
3,"sa",2021,2920.79462474869,"offshore wind|3","offshore"
3,"sa",2022,2783.92267502263,"offshore wind|3","offshore"
3,"sa",2023,2666.78060594318,"offshore wind|3","offshore"
3,"sa",2024,2563.25394309759,"offshore wind|3","offshore"
3,"sa",2025,2469.69288975851,"offshore wind|3","offshore"
3,"sa",2026,2383.74325290345,"offshore wind|3","offshore"
3,"sa",2027,2303.79760607198,"offshore wind|3","offshore"
3,"sa",2028,2228.70943612469,"offshore wind|3","offshore"
3,"sa",2029,2157.63220225379,"offshore wind|3","offshore"
3,"sa",2030,2089.92303072691,"offshore wind|3","offshore"
3,"sa",2031,2054.10553920146,"offshore wind|3","offshore"
3,"sa",2032,2020.76025283301,"offshore wind|3","offshore"
3,"sa",2033,1989.56782060112,"offshore wind|3","offshore"
3,"sa",2034,1960.26703406272,"offshore wind|3","offshore"
3,"sa",2035,1932.64151818702,"offshore wind|3","offshore"
3,"sa",2036,1906.51002155226,"offshore wind|3","offshore"
3,"sa",2037,1881.71920533255,"offshore wind|3","offshore"
3,"sa",2038,1858.13818929441,"offshore wind|3","offshore"
3,"sa",2039,1835.6543701315,"offshore wind|3","offshore"
3,"sa",2040,1814.17016840288,"offshore wind|3","offshore"
3,"sa",2041,1793.60047068656,"offshore wind|3","offshore"
3,"sa",2042,1773.87059007149,"offshore wind|3","offshore"
3,"sa",2043,1754.91463283891,"offshore wind|3","offshore"
3,"sa",2044,1736.67416779198,"offshore wind|3","offshore"
3,"sa",2045,1719.09714179395,"offshore wind|3","offshore"
3,"sa",2046,1702.13698196832,"offshore wind|3","offshore"
3,"sa",2047,1685.7518554255,"offshore wind|3","offshore"
3,"sa",2048,1669.90404344328,"offshore wind|3","offshore"
3,"sa",2049,1654.55942271312,"offshore wind|3","offshore"
3,"sa",2050,1639.68702021694,"offshore wind|3","offshore"
3,"tas",2020,3372.38240937208,"offshore wind|3","offshore"
3,"tas",2021,3191.58221975403,"offshore wind|3","offshore"
3,"tas",2022,3044.38288168809,"offshore wind|3","offshore"
3,"tas",2023,2918.43680116576,"offshore wind|3","offshore"
3,"tas",2024,2807.15739513614,"offshore wind|3","offshore"
3,"tas",2025,2706.61306006177,"offshore wind|3","offshore"
3,"tas",2026,2614.26783147219,"offshore wind|3","offshore"
3,"tas",2027,2528.39017099086,"offshore wind|3","offshore"
3,"tas",2028,2447.74504143393,"offshore wind|3","offshore"
3,"tas",2029,2371.42053888107,"offshore wind|3","offshore"
3,"tas",2030,2298.72415229399,"offshore wind|3","offshore"
3,"tas",2031,2260.14113245238,"offshore wind|3","offshore"
3,"tas",2032,2224.22120090744,"offshore wind|3","offshore"
3,"tas",2033,2190.62034896547,"offshore wind|3","offshore"
3,"tas",2034,2159.05720018498,"offshore wind|3","offshore"
3,"tas",2035,2129.29867188027,"offshore wind|3","offshore"
3,"tas",2036,2101.14951886489,"offshore wind|3","offshore"
3,"tas",2037,2074.44456237744,"offshore wind|3","offshore"
3,"tas",2038,2049.04281684641,"offshore wind|3","offshore"
3,"tas",2039,2024.82298441719,"offshore wind|3","offshore"
3,"tas",2040,2001.67995165783,"offshore wind|3","offshore"
3,"tas",2041,1979.52203335028,"offshore wind|3","offshore"
3,"tas",2042,1958.26877579863,"offshore wind|3","offshore"
3,"tas",2043,1937.8491976586,"offshore wind|3","offshore"
3,"tas",2044,1918.20035576567,"offshore wind|3","offshore"
3,"tas",2045,1899.26617831641,"offshore wind|3","offshore"
3,"tas",2046,1880.99649625208,"offshore wind|3","offshore"
3,"tas",2047,1863.34624677146,"offshore wind|3","offshore"
3,"tas",2048,1846.27479869382,"offshore wind|3","offshore"
3,"tas",2049,1829.74539433008,"offshore wind|3","offshore"
3,"tas",2050,1813.72466880199,"offshore wind|3","offshore"
3,"vic-east",2020,3163.05142393802,"offshore wind|3","offshore"
3,"vic-east",2021,2989.89326230938,"offshore wind|3","offshore"
3,"vic-east",2022,2848.85537786782,"offshore wind|3","offshore"
3,"vic-east",2023,2728.13425555149,"offshore wind|3","offshore"
3,"vic-east",2024,2621.43354119283,"offshore wind|3","offshore"
3,"vic-east",2025,2524.99487172283,"offshore wind|3","offshore"
3,"vic-east",2026,2436.39402671282,"offshore wind|3","offshore"
3,"vic-east",2027,2353.97576581595,"offshore wind|3","offshore"
3,"vic-east",2028,2276.55947112609,"offshore wind|3","offshore"
3,"vic-east",2029,2203.27342119509,"offshore wind|3","offshore"
3,"vic-east",2030,2133.45561979831,"offshore wind|3","offshore"
3,"vic-east",2031,2096.57270669641,"offshore wind|3","offshore"
3,"vic-east",2032,2062.23553684764,"offshore wind|3","offshore"
3,"vic-east",2033,2030.11525953093,"offshore wind|3","offshore"
3,"vic-east",2034,1999.94289663739,"offshore wind|3","offshore"
3,"vic-east",2035,1971.49563674172,"offshore wind|3","offshore"
3,"vic-east",2036,1944.58683683455,"offshore wind|3","offshore"
3,"vic-east",2037,1919.05859676805,"offshore wind|3","offshore"
3,"vic-east",2038,1894.776143838,"offshore wind|3","offshore"
3,"vic-east",2039,1871.6235243931,"offshore wind|3","offshore"
3,"vic-east",2040,1849.50025698158,"offshore wind|3","offshore"
3,"vic-east",2041,1828.31869666213,"offshore wind|3","offshore"
3,"vic-east",2042,1808.00193401556,"offshore wind|3","offshore"
3,"vic-east",2043,1788.48211610483,"offshore wind|3","offshore"
3,"vic-east",2044,1769.69907311744,"offshore wind|3","offshore"
3,"vic-east",2045,1751.59920375841,"offshore wind|3","offshore"
3,"vic-east",2046,1734.1345495803,"offshore wind|3","offshore"
3,"vic-east",2047,1717.26203390964,"offshore wind|3","offshore"
3,"vic-east",2048,1700.94281541833,"offshore wind|3","offshore"
3,"vic-east",2049,1685.14175583745,"offshore wind|3","offshore"
3,"vic-east",2050,1669.8269615243,"offshore wind|3","offshore"
3,"vic-west",2020,3066.81313749034,"offshore wind|3","offshore"
3,"vic-west",2021,2897.84757456127,"offshore wind|3","offshore"
3,"vic-west",2022,2760.20681985288,"offshore wind|3","offshore"
3,"vic-west",2023,2642.37967611444,"offshore wind|3","offshore"
3,"vic-west",2024,2538.2257204059,"offshore wind|3","offshore"
3,"vic-west",2025,2444.07966669333,"offshore wind|3","offshore"
3,"vic-west",2026,2357.57733125316,"offshore wind|3","offshore"
3,"vic-west",2027,2277.10446626842,"offshore wind|3","offshore"
3,"vic-west",2028,2201.50969209858,"offshore wind|3","offshore"
3,"vic-west",2029,2129.94287589103,"offshore wind|3","offshore"
3,"vic-west",2030,2061.75841598781,"offshore wind|3","offshore"
3,"vic-west",2031,2025.78892010491,"offshore wind|3","offshore"
3,"vic-west",2032,1992.30212132956,"offshore wind|3","offshore"
3,"vic-west",2033,1960.97731303129,"offshore wind|3","offshore"
3,"vic-west",2034,1931.55217832748,"offshore wind|3","offshore"
3,"vic-west",2035,1903.80942408315,"offshore wind|3","offshore"
3,"vic-west",2036,1877.56702926552,"offshore wind|3","offshore"
3,"vic-west",2037,1852.67100426393,"offshore wind|3","offshore"
3,"vic-west",2038,1828.98991409115,"offshore wind|3","offshore"
3,"vic-west",2039,1806.41067673304,"offshore wind|3","offshore"
3,"vic-west",2040,1784.83529914949,"offshore wind|3","offshore"
3,"vic-west",2041,1764.17830701752,"offshore wind|3","offshore"
3,"vic-west",2042,1744.36469549657,"offshore wind|3","offshore"
3,"vic-west",2043,1725.3282921329,"offshore wind|3","offshore"
3,"vic-west",2044,1707.01041729388,"offshore wind|3","offshore"
3,"vic-west",2045,1689.35879702551,"offshore wind|3","offshore"
3,"vic-west",2046,1672.32666061789,"offshore wind|3","offshore"
3,"vic-west",2047,1655.87199825016,"offshore wind|3","offshore"
3,"vic-west",2048,1639.95693048565,"offshore wind|3","offshore"
3,"vic-west",2049,1624.54718917638,"offshore wind|3","offshore"
3,"vic-west",2050,1609.61167071927,"offshore wind|3","offshore"
3,"wa-north",2020,3356.93684136199,"offshore wind|3","offshore"
3,"wa-north",2021,3177.39933081932,"offshore wind|3","offshore"
3,"wa-north",2022,3031.23533321045,"offshore wind|3","offshore"
3,"wa-north",2023,2906.18079643708,"offshore wind|3","offshore"
3,"wa-north",2024,2795.69370135218,"offshore wind|3","offshore"
3,"wa-north",2025,2695.86904515691,"offshore wind|3","offshore"
3,"wa-north",2026,2604.18802134222,"offshore wind|3","offshore"
3,"wa-north",2027,2518.93080688184,"offshore wind|3","offshore"
3,"wa-north",2028,2438.87072080042,"offshore wind|3","offshore"
3,"wa-north",2029,2363.10202898885,"offshore wind|3","offshore"
3,"wa-north",2030,2290.93690572404,"offshore wind|3","offshore"
3,"wa-north",2031,2252.61493361821,"offshore wind|3","offshore"
3,"wa-north",2032,2216.93803163167,"offshore wind|3","offshore"
3,"wa-north",2033,2183.56451854256,"offshore wind|3","offshore"
3,"wa-north",2034,2152.21492161957,"offshore wind|3","offshore"
3,"wa-north",2035,2122.65773572622,"offshore wind|3","offshore"
3,"wa-north",2036,2094.69903604397,"offshore wind|3","offshore"
3,"wa-north",2037,2068.17476187647,"offshore wind|3","offshore"
3,"wa-north",2038,2042.94488117709,"offshore wind|3","offshore"
3,"wa-north",2039,2018.88891704509,"offshore wind|3","offshore"
3,"wa-north",2040,1995.90246705441,"offshore wind|3","offshore"
3,"wa-north",2041,1973.89446597101,"offshore wind|3","offshore"
3,"wa-north",2042,1952.7850053408,"offshore wind|3","offshore"
3,"wa-north",2043,1932.50358319557,"offshore wind|3","offshore"
3,"wa-north",2044,1912.98768282252,"offshore wind|3","offshore"
3,"wa-north",2045,1894.18161142189,"offshore wind|3","offshore"
3,"wa-north",2046,1876.03553972128,"offshore wind|3","offshore"
3,"wa-north",2047,1858.50470943534,"offshore wind|3","offshore"
3,"wa-north",2048,1841.54876463429,"offshore wind|3","offshore"
3,"wa-north",2049,1825.13119601409,"offshore wind|3","offshore"
3,"wa-north",2050,1809.21886447354,"offshore wind|3","offshore"
3,"wa-south",2020,3340.48917241276,"offshore wind|3","offshore"
3,"wa-south",2021,3160.38710713189,"offshore wind|3","offshore"
3,"wa-south",2022,3013.73910104077,"offshore wind|3","offshore"
3,"wa-south",2023,2888.25150271934,"offshore wind|3","offshore"
3,"wa-south",2024,2777.36650428149,"offshore wind|3","offshore"
3,"wa-south",2025,2677.16967822031,"offshore wind|3","offshore"
3,"wa-south",2026,2585.13613904982,"offshore wind|3","offshore"
3,"wa-south",2027,2499.54191320917,"offshore wind|3","offshore"
3,"wa-south",2028,2419.15735856329,"offshore wind|3","offshore"
3,"wa-south",2029,2343.07455540985,"offshore wind|3","offshore"
3,"wa-south",2030,2270.60401820653,"offshore wind|3","offshore"
3,"wa-south",2031,2232.18955677034,"offshore wind|3","offshore"
3,"wa-south",2032,2196.42654945823,"offshore wind|3","offshore"
3,"wa-south",2033,2162.97249018706,"offshore wind|3","offshore"
3,"wa-south",2034,2131.54723178449,"offshore wind|3","offshore"
3,"wa-south",2035,2101.91871047519,"offshore wind|3","offshore"
3,"wa-south",2036,2073.89253315131,"offshore wind|3","offshore"
3,"wa-south",2037,2047.30424311665,"offshore wind|3","offshore"
3,"wa-south",2038,2022.01347083712,"offshore wind|3","offshore"
3,"wa-south",2039,1997.89944806889,"offshore wind|3","offshore"
3,"wa-south",2040,1974.85752076565,"offshore wind|3","offshore"
3,"wa-south",2041,1952.79640413361,"offshore wind|3","offshore"
3,"wa-south",2042,1931.63599616648,"offshore wind|3","offshore"
3,"wa-south",2043,1911.30562539313,"offshore wind|3","offshore"
3,"wa-south",2044,1891.74262388314,"offshore wind|3","offshore"
3,"wa-south",2045,1872.89116449554,"offshore wind|3","offshore"
3,"wa-south",2046,1854.70129755756,"offshore wind|3","offshore"
3,"wa-south",2047,1837.12815718343,"offshore wind|3","offshore"
3,"wa-south",2048,1820.13128959705,"offshore wind|3","offshore"
3,"wa-south",2049,1803.67409737366,"offshore wind|3","offshore"
3,"wa-south",2050,1787.72336201544,"offshore wind|3","offshore"
4,"ex-sa",2020,3249.70900942323,"offshore wind|4","offshore"
4,"ex-sa",2021,3072.43109326549,"offshore wind|4","offshore"
4,"ex-sa",2022,2928.04795726539,"offshore wind|4","offshore"
4,"ex-sa",2023,2804.47147306866,"offshore wind|4","offshore"
4,"ex-sa",2024,2695.25346517885,"offshore wind|4","offshore"
4,"ex-sa",2025,2596.54494667742,"offshore wind|4","offshore"
4,"ex-sa",2026,2505.86324283498,"offshore wind|4","offshore"
4,"ex-sa",2027,2421.51320124717,"offshore wind|4","offshore"
4,"ex-sa",2028,2342.28573622602,"offshore wind|4","offshore"
4,"ex-sa",2029,2267.28810681694,"offshore wind|4","offshore"
4,"ex-sa",2030,2195.84235440122,"offshore wind|4","offshore"
4,"ex-sa",2031,2158.07009873048,"offshore wind|4","offshore"
4,"ex-sa",2032,2122.90497081684,"offshore wind|4","offshore"
4,"ex-sa",2033,2090.01019046255,"offshore wind|4","offshore"
4,"ex-sa",2034,2059.11029391316,"offshore wind|4","offshore"
4,"ex-sa",2035,2029.97709685361,"offshore wind|4","offshore"
4,"ex-sa",2036,2002.41945614259,"offshore wind|4","offshore"
4,"ex-sa",2037,1976.27566408925,"offshore wind|4","offshore"
4,"ex-sa",2038,1951.40769839395,"offshore wind|4","offshore"
4,"ex-sa",2039,1927.6968093016,"offshore wind|4","offshore"
4,"ex-sa",2040,1905.04009262895,"offshore wind|4","offshore"
4,"ex-sa",2041,1883.34779012602,"offshore wind|4","offshore"
4,"ex-sa",2042,1862.54113771595,"offshore wind|4","offshore"
4,"ex-sa",2043,1842.55064653375,"offshore wind|4","offshore"
4,"ex-sa",2044,1823.31469571372,"offshore wind|4","offshore"
4,"ex-sa",2045,1804.77839166636,"offshore wind|4","offshore"
4,"ex-sa",2046,1786.89261943456,"offshore wind|4","offshore"
4,"ex-sa",2047,1769.61326375272,"offshore wind|4","offshore"
4,"ex-sa",2048,1752.90054661192,"offshore wind|4","offshore"
4,"ex-sa",2049,1736.71848259508,"offshore wind|4","offshore"
4,"ex-sa",2050,1721.03440896507,"offshore wind|4","offshore"
4,"ex-wa",2020,2633.24704393263,"offshore wind|4","offshore"
4,"ex-wa",2021,2487.14180834974,"offshore wind|4","offshore"
4,"ex-wa",2022,2368.10642676467,"offshore wind|4","offshore"
4,"ex-wa",2023,2266.19330735872,"offshore wind|4","offshore"
4,"ex-wa",2024,2176.09610065904,"offshore wind|4","offshore"
4,"ex-wa",2025,2094.64738883226,"offshore wind|4","offshore"
4,"ex-wa",2026,2019.80412342412,"offshore wind|4","offshore"
4,"ex-wa",2027,1950.17132452644,"offshore wind|4","offshore"
4,"ex-wa",2028,1884.75400948038,"offshore wind|4","offshore"
4,"ex-wa",2029,1822.81752139975,"offshore wind|4","offshore"
4,"ex-wa",2030,1763.80395224444,"offshore wind|4","offshore"
4,"ex-wa",2031,1732.72031470007,"offshore wind|4","offshore"
4,"ex-wa",2032,1703.78214059183,"offshore wind|4","offshore"
4,"ex-wa",2033,1676.71228659403,"offshore wind|4","offshore"
4,"ex-wa",2034,1651.28406649135,"offshore wind|4","offshore"
4,"ex-wa",2035,1627.30970412947,"offshore wind|4","offshore"
4,"ex-wa",2036,1604.63190213847,"offshore wind|4","offshore"
4,"ex-wa",2037,1583.11758850685,"offshore wind|4","offshore"
4,"ex-wa",2038,1562.65318015053,"offshore wind|4","offshore"
4,"ex-wa",2039,1543.14095718153,"offshore wind|4","offshore"
4,"ex-wa",2040,1524.49623596807,"offshore wind|4","offshore"
4,"ex-wa",2041,1506.64515204449,"offshore wind|4","offshore"
4,"ex-wa",2042,1489.52289041967,"offshore wind|4","offshore"
4,"ex-wa",2043,1473.07226538707,"offshore wind|4","offshore"
4,"ex-wa",2044,1457.24256935709,"offshore wind|4","offshore"
4,"ex-wa",2045,1441.98862806554,"offshore wind|4","offshore"
4,"ex-wa",2046,1427.27002446199,"offshore wind|4","offshore"
4,"ex-wa",2047,1413.05045395731,"offshore wind|4","offshore"
4,"ex-wa",2048,1399.29718367698,"offshore wind|4","offshore"
4,"ex-wa",2049,1385.98059973666,"offshore wind|4","offshore"
4,"ex-wa",2050,1373.07382263199,"offshore wind|4","offshore"
4,"nsw-south",2020,3861.55020458675,"offshore wind|4","offshore"
4,"nsw-south",2021,3659.3055569251,"offshore wind|4","offshore"
4,"nsw-south",2022,3494.72767687976,"offshore wind|4","offshore"
4,"nsw-south",2023,3353.97483272749,"offshore wind|4","offshore"
4,"nsw-south",2024,3229.66342348747,"offshore wind|4","offshore"
4,"nsw-south",2025,3117.38609688639,"offshore wind|4","offshore"
4,"nsw-south",2026,3014.30002019254,"offshore wind|4","offshore"
4,"nsw-south",2027,2918.46412833301,"offshore wind|4","offshore"
4,"nsw-south",2028,2828.49393695281,"offshore wind|4","offshore"
4,"nsw-south",2029,2743.36719570399,"offshore wind|4","offshore"
4,"nsw-south",2030,2662.30759526789,"offshore wind|4","offshore"
4,"nsw-south",2031,2619.05578602727,"offshore wind|4","offshore"
4,"nsw-south",2032,2578.78931565866,"offshore wind|4","offshore"
4,"nsw-south",2033,2541.12254790293,"offshore wind|4","offshore"
4,"nsw-south",2034,2505.74005851743,"offshore wind|4","offshore"
4,"nsw-south",2035,2472.38055998312,"offshore wind|4","offshore"
4,"nsw-south",2036,2440.82518120515,"offshore wind|4","offshore"
4,"nsw-south",2037,2410.88875620775,"offshore wind|4","offshore"
4,"nsw-south",2038,2382.41323895385,"offshore wind|4","offshore"
4,"nsw-south",2039,2355.26265360159,"offshore wind|4","offshore"
4,"nsw-south",2040,2329.31916762106,"offshore wind|4","offshore"
4,"nsw-south",2041,2304.48000053222,"offshore wind|4","offshore"
4,"nsw-south",2042,2280.65496480987,"offshore wind|4","offshore"
4,"nsw-south",2043,2257.76448847757,"offshore wind|4","offshore"
4,"nsw-south",2044,2235.73801234641,"offshore wind|4","offshore"
4,"nsw-south",2045,2214.51267950295,"offshore wind|4","offshore"
4,"nsw-south",2046,2194.03225049157,"offshore wind|4","offshore"
4,"nsw-south",2047,2174.24620913433,"offshore wind|4","offshore"
4,"nsw-south",2048,2155.1090079299,"offshore wind|4","offshore"
4,"nsw-south",2049,2136.57944111261,"offshore wind|4","offshore"
4,"nsw-south",2050,2118.62010623088,"offshore wind|4","offshore"
4,"nt",2020,3300.3418856074,"offshore wind|4","offshore"
4,"nt",2021,3121.21787303162,"offshore wind|4","offshore"
4,"nt",2022,2975.34636347861,"offshore wind|4","offshore"
4,"nt",2023,2850.50777320471,"offshore wind|4","offshore"
4,"nt",2024,2740.18380425927,"offshore wind|4","offshore"
4,"nt",2025,2640.48361294311,"offshore wind|4","offshore"
4,"nt",2026,2548.89752595112,"offshore wind|4","offshore"
4,"nt",2027,2463.71195644516,"offshore wind|4","offshore"
4,"nt",2028,2383.70467044902,"offshore wind|4","offshore"
4,"nt",2029,2307.97321848544,"offshore wind|4","offshore"
4,"nt",2030,2235.83226922439,"offshore wind|4","offshore"
4,"nt",2031,2197.64924928086,"offshore wind|4","offshore"
4,"nt",2032,2162.10170893243,"offshore wind|4","offshore"
4,"nt",2033,2128.84920565052,"offshore wind|4","offshore"
4,"nt",2034,2097.61328010862,"offshore wind|4","offshore"
4,"nt",2035,2068.16326634435,"offshore wind|4","offshore"
4,"nt",2036,2040.305942836,"offshore wind|4","offshore"
4,"nt",2037,2013.8778433016,"offshore wind|4","offshore"
4,"nt",2038,1988.73944434385,"offshore wind|4","offshore"
4,"nt",2039,1964.77070499129,"offshore wind|4","offshore"
4,"nt",2040,1941.86760192311,"offshore wind|4","offshore"
4,"nt",2041,1919.93940071352,"offshore wind|4","offshore"
4,"nt",2042,1898.90648095268,"offshore wind|4","offshore"
4,"nt",2043,1878.69859791569,"offshore wind|4","offshore"
4,"nt",2044,1859.25346066648,"offshore wind|4","offshore"
4,"nt",2045,1840.51557871302,"offshore wind|4","offshore"
4,"nt",2046,1822.43530299139,"offshore wind|4","offshore"
4,"nt",2047,1804.96803836459,"offshore wind|4","offshore"
4,"nt",2048,1788.07357437714,"offshore wind|4","offshore"
4,"nt",2049,1771.71553434182,"offshore wind|4","offshore"
4,"nt",2050,1755.86090005428,"offshore wind|4","offshore"
4,"qld-north",2020,2691.89501933348,"offshore wind|4","offshore"
4,"qld-north",2021,2543.22088133776,"offshore wind|4","offshore"
4,"qld-north",2022,2422.10371100122,"offshore wind|4","offshore"
4,"qld-north",2023,2318.41691266357,"offshore wind|4","offshore"
4,"qld-north",2024,2226.75865075206,"offshore wind|4","offshore"
4,"qld-north",2025,2143.90451074583,"offshore wind|4","offshore"
4,"qld-north",2026,2067.77468009364,"offshore wind|4","offshore"
4,"qld-north",2027,1996.94907668889,"offshore wind|4","offshore"
4,"qld-north",2028,1930.41481351196,"offshore wind|4","offshore"
4,"qld-north",2029,1867.42401368018,"offshore wind|4","offshore"
4,"qld-north",2030,1807.40872977331,"offshore wind|4","offshore"
4,"qld-north",2031,1775.76575173087,"offshore wind|4","offshore"
4,"qld-north",2032,1746.30684408693,"offshore wind|4","offshore"
4,"qld-north",2033,1718.74987639571,"offshore wind|4","offshore"
4,"qld-north",2034,1692.86408337153,"offshore wind|4","offshore"
4,"qld-north",2035,1668.45830967706,"offshore wind|4","offshore"
4,"qld-north",2036,1645.37242762679,"offshore wind|4","offshore"
4,"qld-north",2037,1623.47097054912,"offshore wind|4","offshore"
4,"qld-north",2038,1602.63831148018,"offshore wind|4","offshore"
4,"qld-north",2039,1582.77497204902,"offshore wind|4","offshore"
4,"qld-north",2040,1563.79474482297,"offshore wind|4","offshore"
4,"qld-north",2041,1545.62243613925,"offshore wind|4","offshore"
4,"qld-north",2042,1528.1920647083,"offshore wind|4","offshore"
4,"qld-north",2043,1511.44541577167,"offshore wind|4","offshore"
4,"qld-north",2044,1495.33086920745,"offshore wind|4","offshore"
4,"qld-north",2045,1479.80243794237,"offshore wind|4","offshore"
4,"qld-north",2046,1464.81897760004,"offshore wind|4","offshore"
4,"qld-north",2047,1450.34353029843,"offshore wind|4","offshore"
4,"qld-north",2048,1436.34277413342,"offshore wind|4","offshore"
4,"qld-north",2049,1422.78656239407,"offshore wind|4","offshore"
4,"qld-north",2050,1409.64753179256,"offshore wind|4","offshore"
4,"qld-south",2020,3294.0903268489,"offshore wind|4","offshore"
4,"qld-south",2021,3118.08585254144,"offshore wind|4","offshore"
4,"qld-south",2022,2974.80105262198,"offshore wind|4","offshore"
4,"qld-south",2023,2852.21214620386,"offshore wind|4","offshore"
4,"qld-south",2024,2743.9052825012,"offshore wind|4","offshore"
4,"qld-south",2025,2646.05196384329,"offshore wind|4","offshore"
4,"qld-south",2026,2556.18273105111,"offshore wind|4","offshore"
4,"qld-south",2027,2472.61145516469,"offshore wind|4","offshore"
4,"qld-south",2028,2394.13548780528,"offshore wind|4","offshore"
4,"qld-south",2029,2319.86683974949,"offshore wind|4","offshore"
4,"qld-south",2030,2249.13116067592,"offshore wind|4","offshore"
4,"qld-south",2031,2211.55997604683,"offshore wind|4","offshore"
4,"qld-south",2032,2176.58204039297,"offshore wind|4","offshore"
4,"qld-south",2033,2143.862366386,"offshore wind|4","offshore"
4,"qld-south",2034,2113.12695650015,"offshore wind|4","offshore"
4,"qld-south",2035,2084.148842409,"offshore wind|4","offshore"
4,"qld-south",2036,2056.73789706542,"offshore wind|4","offshore"
4,"qld-south",2037,2030.73327502656,"offshore wind|4","offshore"
4,"qld-south",2038,2005.99768708444,"offshore wind|4","offshore"
4,"qld-south",2039,1982.41301704525,"offshore wind|4","offshore"
4,"qld-south",2040,1959.87690762154,"offshore wind|4","offshore"
4,"qld-south",2041,1938.30007704259,"offshore wind|4","offshore"
4,"qld-south",2042,1917.60418404814,"offshore wind|4","offshore"
4,"qld-south",2043,1897.72010629108,"offshore wind|4","offshore"
4,"qld-south",2044,1878.58655300955,"offshore wind|4","offshore"
4,"qld-south",2045,1860.14892171803,"offshore wind|4","offshore"
4,"qld-south",2046,1842.35836008311,"offshore wind|4","offshore"
4,"qld-south",2047,1825.17098606417,"offshore wind|4","offshore"
4,"qld-south",2048,1808.54723494412,"offshore wind|4","offshore"
4,"qld-south",2049,1792.45131200116,"offshore wind|4","offshore"
4,"qld-south",2050,1776.85072770184,"offshore wind|4","offshore"
4,"sa",2020,3701.98500698631,"offshore wind|4","offshore"
4,"sa",2021,3506.93056227096,"offshore wind|4","offshore"
4,"sa",2022,3348.18362719812,"offshore wind|4","offshore"
4,"sa",2023,3212.40196863775,"offshore wind|4","offshore"
4,"sa",2024,3092.46843295073,"offshore wind|4","offshore"
4,"sa",2025,2984.13471325982,"offshore wind|4","offshore"
4,"sa",2026,2884.66056454869,"offshore wind|4","offshore"
4,"sa",2027,2792.17496757785,"offshore wind|4","offshore"
4,"sa",2028,2705.34339914959,"offshore wind|4","offshore"
4,"sa",2029,2623.18049820466,"offshore wind|4","offshore"
4,"sa",2030,2544.93796961786,"offshore wind|4","offshore"
4,"sa",2031,2503.24696201613,"offshore wind|4","offshore"
4,"sa",2032,2464.43356313467,"offshore wind|4","offshore"
4,"sa",2033,2428.12605313804,"offshore wind|4","offshore"
4,"sa",2034,2394.02039013809,"offshore wind|4","offshore"
4,"sa",2035,2361.86471538428,"offshore wind|4","offshore"
4,"sa",2036,2331.44805641442,"offshore wind|4","offshore"
4,"sa",2037,2302.5919288839,"offshore wind|4","offshore"
4,"sa",2038,2275.14399015899,"offshore wind|4","offshore"
4,"sa",2039,2248.97317141586,"offshore wind|4","offshore"
4,"sa",2040,2223.96589213708,"offshore wind|4","offshore"
4,"sa",2041,2200.02308113351,"offshore wind|4","offshore"
4,"sa",2042,2177.05780477716,"offshore wind|4","offshore"
4,"sa",2043,2154.99336316172,"offshore wind|4","offshore"
4,"sa",2044,2133.7617430315,"offshore wind|4","offshore"
4,"sa",2045,2113.30235590822,"offshore wind|4","offshore"
4,"sa",2046,2093.56099159401,"offshore wind|4","offshore"
4,"sa",2047,2074.48895702677,"offshore wind|4","offshore"
4,"sa",2048,2056.04234825927,"offshore wind|4","offshore"
4,"sa",2049,2038.18144668189,"offshore wind|4","offshore"
4,"sa",2050,2020.87019941133,"offshore wind|4","offshore"
4,"tas",2020,2965.08347930998,"offshore wind|4","offshore"
4,"tas",2021,2801.57219855993,"offshore wind|4","offshore"
4,"tas",2022,2668.37207962223,"offshore wind|4","offshore"
4,"tas",2023,2554.3444188218,"offshore wind|4","offshore"
4,"tas",2024,2453.54749230091,"offshore wind|4","offshore"
4,"tas",2025,2362.43461984458,"offshore wind|4","offshore"
4,"tas",2026,2278.71812092176,"offshore wind|4","offshore"
4,"tas",2027,2200.8359833116,"offshore wind|4","offshore"
4,"tas",2028,2127.67408544629,"offshore wind|4","offshore"
4,"tas",2029,2058.40980398114,"offshore wind|4","offshore"
4,"tas",2030,1992.41842826127,"offshore wind|4","offshore"
4,"tas",2031,1957.61287739501,"offshore wind|4","offshore"
4,"tas",2032,1925.20968534632,"offshore wind|4","offshore"
4,"tas",2033,1894.89852346871,"offshore wind|4","offshore"
4,"tas",2034,1866.42556307548,"offshore wind|4","offshore"
4,"tas",2035,1839.58054277305,"offshore wind|4","offshore"
4,"tas",2036,1814.18733140179,"offshore wind|4","offshore"
4,"tas",2037,1790.09692249441,"offshore wind|4","offshore"
4,"tas",2038,1767.18213384744,"offshore wind|4","offshore"
4,"tas",2039,1745.33354315914,"offshore wind|4","offshore"
4,"tas",2040,1724.45632803364,"offshore wind|4","offshore"
4,"tas",2041,1704.46777992115,"offshore wind|4","offshore"
4,"tas",2042,1685.29532152011,"offshore wind|4","offshore"
4,"tas",2043,1666.87492122992,"offshore wind|4","offshore"
4,"tas",2044,1649.14979859361,"offshore wind|4","offshore"
4,"tas",2045,1632.06937099554,"offshore wind|4","offshore"
4,"tas",2046,1615.5883813476,"offshore wind|4","offshore"
4,"tas",2047,1599.66617894685,"offshore wind|4","offshore"
4,"tas",2048,1584.26611043429,"offshore wind|4","offshore"
4,"tas",2049,1569.35501643736,"offshore wind|4","offshore"
4,"tas",2050,1554.90279961157,"offshore wind|4","offshore"
4,"vic-east",2020,3293.04761277879,"offshore wind|4","offshore"
4,"vic-east",2021,3114.18955252403,"offshore wind|4","offshore"
4,"vic-east",2022,2968.53246102474,"offshore wind|4","offshore"
4,"vic-east",2023,2843.87569226207,"offshore wind|4","offshore"
4,"vic-east",2024,2733.71105026554,"offshore wind|4","offshore"
4,"vic-east",2025,2634.15372130706,"offshore wind|4","offshore"
4,"vic-east",2026,2542.69792154999,"offshore wind|4","offshore"
4,"vic-east",2027,2457.6327198574,"offshore wind|4","offshore"
4,"vic-east",2028,2377.73777642163,"offshore wind|4","offshore"
4,"vic-east",2029,2302.11204039448,"offshore wind|4","offshore"
4,"vic-east",2030,2230.0712425734,"offshore wind|4","offshore"
4,"vic-east",2031,2191.94739814783,"offshore wind|4","offshore"
4,"vic-east",2032,2156.4549488952,"offshore wind|4","offshore"
4,"vic-east",2033,2123.25397988959,"offshore wind|4","offshore"
4,"vic-east",2034,2092.06646335255,"offshore wind|4","offshore"
4,"vic-east",2035,2062.66209083277,"offshore wind|4","offshore"
4,"vic-east",2036,2034.84794022414,"offshore wind|4","offshore"
4,"vic-east",2037,2008.46079859081,"offshore wind|4","offshore"
4,"vic-east",2038,1983.36135878662,"offshore wind|4","offshore"
4,"vic-east",2039,1959.42976585529,"offshore wind|4","offshore"
4,"vic-east",2040,1936.5621577012,"offshore wind|4","offshore"
4,"vic-east",2041,1914.66794052838,"offshore wind|4","offshore"
4,"vic-east",2042,1893.66761729204,"offshore wind|4","offshore"
4,"vic-east",2043,1873.49105215794,"offshore wind|4","offshore"
4,"vic-east",2044,1854.07605072169,"offshore wind|4","offshore"
4,"vic-east",2045,1835.36720848224,"offshore wind|4","offshore"
4,"vic-east",2046,1817.31495332013,"offshore wind|4","offshore"
4,"vic-east",2047,1799.87475922961,"offshore wind|4","offshore"
4,"vic-east",2048,1783.0064780543,"offshore wind|4","offshore"
4,"vic-east",2049,1766.67378947413,"offshore wind|4","offshore"
4,"vic-east",2050,1750.84372649408,"offshore wind|4","offshore"
4,"vic-west",2020,3234.56842008226,"offshore wind|4","offshore"
4,"vic-west",2021,3057.84253631644,"offshore wind|4","offshore"
4,"vic-west",2022,2913.90446396764,"offshore wind|4","offshore"
4,"vic-west",2023,2790.70538337227,"offshore wind|4","offshore"
4,"vic-west",2024,2681.81808753029,"offshore wind|4","offshore"
4,"vic-west",2025,2583.40610582432,"offshore wind|4","offshore"
4,"vic-west",2026,2492.99483682394,"offshore wind|4","offshore"
4,"vic-west",2027,2408.89464051543,"offshore wind|4","offshore"
4,"vic-west",2028,2329.90036290198,"offshore wind|4","offshore"
4,"vic-west",2029,2255.12216613793,"offshore wind|4","offshore"
4,"vic-west",2030,2183.8842962432,"offshore wind|4","offshore"
4,"vic-west",2031,2146.23487011799,"offshore wind|4","offshore"
4,"vic-west",2032,2111.18409378913,"offshore wind|4","offshore"
4,"vic-west",2033,2078.39628219414,"offshore wind|4","offshore"
4,"vic-west",2034,2047.59686733502,"offshore wind|4","offshore"
4,"vic-west",2035,2018.55840697589,"offshore wind|4","offshore"
4,"vic-west",2036,1991.09037946698,"offshore wind|4","offshore"
4,"vic-west",2037,1965.0316029834,"offshore wind|4","offshore"
4,"vic-west",2038,1940.244504094,"offshore wind|4","offshore"
4,"vic-west",2039,1916.61071915207,"offshore wind|4","offshore"
4,"vic-west",2040,1894.02767862652,"offshore wind|4","offshore"
4,"vic-west",2041,1872.40591617015,"offshore wind|4","offshore"
4,"vic-west",2042,1851.66692377266,"offshore wind|4","offshore"
4,"vic-west",2043,1831.74143859145,"offshore wind|4","offshore"
4,"vic-west",2044,1812.56804012986,"offshore wind|4","offshore"
4,"vic-west",2045,1794.09201328827,"offshore wind|4","offshore"
4,"vic-west",2046,1776.26440282185,"offshore wind|4","offshore"
4,"vic-west",2047,1759.04123695941,"offshore wind|4","offshore"
4,"vic-west",2048,1742.3828670052,"offshore wind|4","offshore"
4,"vic-west",2049,1726.25342454238,"offshore wind|4","offshore"
4,"vic-west",2050,1710.62035312809,"offshore wind|4","offshore"
4,"wa-south",2020,3651.93277903301,"offshore wind|4","offshore"
4,"wa-south",2021,3458.16426395176,"offshore wind|4","offshore"
4,"wa-south",2022,3300.44072489396,"offshore wind|4","offshore"
4,"wa-south",2023,3165.5164038331,"offshore wind|4","offshore"
4,"wa-south",2024,3046.32561037303,"offshore wind|4","offshore"
4,"wa-south",2025,2938.65075640852,"offshore wind|4","offshore"
4,"wa-south",2026,2839.77141130234,"offshore wind|4","offshore"
4,"wa-south",2027,2747.8300850556,"offshore wind|4","offshore"
4,"wa-south",2028,2661.50190366601,"offshore wind|4","offshore"
4,"wa-south",2029,2579.80863144729,"offshore wind|4","offshore"
4,"wa-south",2030,2502.00738423273,"offshore wind|4","offshore"
4,"wa-south",2031,2460.61783764777,"offshore wind|4","offshore"
4,"wa-south",2032,2422.08509238949,"offshore wind|4","offshore"
4,"wa-south",2033,2386.0401162307,"offshore wind|4","offshore"
4,"wa-south",2034,2352.18106576957,"offshore wind|4","offshore"
4,"wa-south",2035,2320.25790387608,"offshore wind|4","offshore"
4,"wa-south",2036,2290.06118291657,"offshore wind|4","offshore"
4,"wa-south",2037,2261.41370939925,"offshore wind|4","offshore"
4,"wa-south",2038,2234.16424250702,"offshore wind|4","offshore"
4,"wa-south",2039,2208.18266076122,"offshore wind|4","offshore"
4,"wa-south",2040,2183.35620515166,"offshore wind|4","offshore"
4,"wa-south",2041,2159.58652088584,"offshore wind|4","offshore"
4,"wa-south",2042,2136.78730277191,"offshore wind|4","offshore"
4,"wa-south",2043,2114.8824056453,"offshore wind|4","offshore"
4,"wa-south",2044,2093.80430807478,"offshore wind|4","offshore"
4,"wa-south",2045,2073.49285951678,"offshore wind|4","offshore"
4,"wa-south",2046,2053.89424183522,"offshore wind|4","offshore"
4,"wa-south",2047,2034.9601142585,"offshore wind|4","offshore"
4,"wa-south",2048,2016.64689006713,"offshore wind|4","offshore"
4,"wa-south",2049,1998.91513764328,"offshore wind|4","offshore"
4,"wa-south",2050,1981.72906541636,"offshore wind|4","offshore"
