bin_number,NZAu_maj,vintage,value,name,type
1,ex-wa,2020,4000.8467450809662,offshore wind|1,offshore
1,ex-wa,2021,3792.0301713238628,offshore wind|1,offshore
1,ex-wa,2022,3622.1168266131085,offshore wind|1,offshore
1,ex-wa,2023,3476.8106055892213,offshore wind|1,offshore
1,ex-wa,2024,3348.4855311312654,offshore wind|1,offshore
1,ex-wa,2025,3232.589573867935,offshore wind|1,offshore
1,ex-wa,2026,3126.1865812453884,offshore wind|1,offshore
1,ex-wa,2027,3027.271770450692,offshore wind|1,offshore
1,ex-wa,2028,2934.415209323484,offshore wind|1,offshore
1,ex-wa,2029,2846.5610909778798,offshore wind|1,offshore
1,ex-wa,2030,2762.907622776127,offshore wind|1,offshore
1,ex-wa,2031,2718.2360162136465,offshore wind|1,offshore
1,ex-wa,2032,2676.6477462762255,offshore wind|1,offshore
1,ex-wa,2033,2637.744517399242,offshore wind|1,offshore
1,ex-wa,2034,2601.200551291681,offshore wind|1,offshore
1,ex-wa,2035,2566.7459836921644,offshore wind|1,offshore
1,ex-wa,2036,2534.1547581219047,offshore wind|1,offshore
1,ex-wa,2037,2503.2356307590667,offshore wind|1,offshore
1,ex-wa,2038,2473.825367465054,offshore wind|1,offshore
1,ex-wa,2039,2445.783528556427,offshore wind|1,offshore
1,ex-wa,2040,2418.9884136980195,offshore wind|1,offshore
1,ex-wa,2041,2393.3338681750065,offshore wind|1,offshore
1,ex-wa,2042,2368.726744594535,offshore wind|1,offshore
1,ex-wa,2043,2345.084858301396,offshore wind|1,offshore
1,ex-wa,2044,2322.3353342589485,offshore wind|1,offshore
1,ex-wa,2045,2300.4132519478953,offshore wind|1,offshore
1,ex-wa,2046,2279.260526053934,offshore wind|1,offshore
1,ex-wa,2047,2258.8249820104743,offshore wind|1,offshore
1,ex-wa,2048,2239.0595771955764,offshore wind|1,offshore
1,ex-wa,2049,2219.92175292451,offshore wind|1,offshore
1,ex-wa,2050,2201.3728793321916,offshore wind|1,offshore
1,nsw-south,2020,4294.539620437502,offshore wind|1,offshore
1,nsw-south,2021,4073.2306821657453,offshore wind|1,offshore
1,nsw-south,2022,3893.2014402675077,offshore wind|1,offshore
1,nsw-south,2023,3739.2824882097134,offshore wind|1,offshore
1,nsw-south,2024,3603.3820037091295,offshore wind|1,offshore
1,nsw-south,2025,3480.66988937697,offshore wind|1,offshore
1,nsw-south,2026,3368.0306327013996,offshore wind|1,offshore
1,nsw-south,2027,3263.3369855902147,offshore wind|1,offshore
1,nsw-south,2028,3165.0716664001325,offshore wind|1,offshore
1,nsw-south,2029,3072.114372307668,offshore wind|1,offshore
1,nsw-south,2030,2983.6143317581964,offshore wind|1,offshore
1,nsw-south,2031,2936.213887470848,offshore wind|1,offshore
1,nsw-south,2032,2892.08513040943,offshore wind|1,offshore
1,nsw-south,2033,2850.8054343634412,offshore wind|1,offshore
1,nsw-south,2034,2812.0291205959043,offshore wind|1,offshore
1,nsw-south,2035,2775.4698395763885,offshore wind|1,offshore
1,nsw-south,2036,2740.887725824836,offshore wind|1,offshore
1,nsw-south,2037,2708.079853362427,offshore wind|1,offshore
1,nsw-south,2038,2676.8730163005566,offshore wind|1,offshore
1,nsw-south,2039,2647.118196060862,offshore wind|1,offshore
1,nsw-south,2040,2618.6862580815905,offshore wind|1,offshore
1,nsw-south,2041,2591.464562529385,offshore wind|1,offshore
1,nsw-south,2042,2565.354273025177,offshore wind|1,offshore
1,nsw-south,2043,2540.268183540902,offshore wind|1,offshore
1,nsw-south,2044,2516.128967742333,offshore wind|1,offshore
1,nsw-south,2045,2492.8677392535533,offshore wind|1,offshore
1,nsw-south,2046,2470.422864782147,offshore wind|1,offshore
1,nsw-south,2047,2448.738982192135,offshore wind|1,offshore
1,nsw-south,2048,2427.7661754985747,offshore wind|1,offshore
1,nsw-south,2049,2407.4592861461465,offshore wind|1,offshore
1,nsw-south,2050,2387.777324226806,offshore wind|1,offshore
1,sa,2020,4253.7773655573865,offshore wind|1,offshore
1,sa,2021,4034.569013732152,offshore wind|1,offshore
1,sa,2022,3856.248545789733,offshore wind|1,offshore
1,sa,2023,3703.79053814052,offshore wind|1,offshore
1,sa,2024,3569.179973107664,offshore wind|1,offshore
1,sa,2025,3447.632598889091,offshore wind|1,offshore
1,sa,2026,3336.0624743374965,offshore wind|1,offshore
1,sa,2027,3232.3625423303447,offshore wind|1,offshore
1,sa,2028,3135.0299229124416,offshore wind|1,offshore
1,sa,2029,3042.954946659871,offshore wind|1,offshore
1,sa,2030,2955.2949171967716,offshore wind|1,offshore
1,sa,2031,2908.3443812220803,offshore wind|1,offshore
1,sa,2032,2864.6344787174517,offshore wind|1,offshore
1,sa,2033,2823.7465950247683,offshore wind|1,offshore
1,sa,2034,2785.3383324121446,offshore wind|1,offshore
1,sa,2035,2749.1260590895004,offshore wind|1,offshore
1,sa,2036,2714.8721866117608,offshore wind|1,offshore
1,sa,2037,2682.375714913479,offshore wind|1,offshore
1,sa,2038,2651.4650820779057,offshore wind|1,offshore
1,sa,2039,2621.9926841119027,offshore wind|1,offshore
1,sa,2040,2593.8306120474463,offshore wind|1,offshore
1,sa,2041,2566.867295285528,offshore wind|1,offshore
1,sa,2042,2541.004835397256,offshore wind|1,offshore
1,sa,2043,2516.1568542486243,offshore wind|1,offshore
1,sa,2044,2492.24675935026,offshore wind|1,offshore
1,sa,2045,2469.206318273933,offshore wind|1,offshore
1,sa,2046,2446.9744826322135,offshore wind|1,offshore
1,sa,2047,2425.496415769304,offshore wind|1,offshore
1,sa,2048,2404.7226755186443,offshore wind|1,offshore
1,sa,2049,2384.608532076621,offshore wind|1,offshore
1,sa,2050,2365.113384372662,offshore wind|1,offshore
1,tas,2020,3588.705115897831,offshore wind|1,offshore
1,tas,2021,3397.6898132365964,offshore wind|1,offshore
1,tas,2022,3242.197088174566,offshore wind|1,offshore
1,tas,2023,3109.173152942394,offshore wind|1,offshore
1,tas,2024,2991.654719905421,offshore wind|1,offshore
1,tas,2025,2885.485326276977,offshore wind|1,offshore
1,tas,2026,2787.983968576611,offshore wind|1,offshore
1,tas,2027,2697.3200773102044,offshore wind|1,offshore
1,tas,2028,2612.1879797666497,offshore wind|1,offshore
1,tas,2029,2531.623617858447,offshore wind|1,offshore
1,tas,2030,2454.8948740195606,offshore wind|1,offshore
1,tas,2031,2414.105184512595,offshore wind|1,offshore
1,tas,2032,2376.130892823681,offshore wind|1,offshore
1,tas,2033,2340.6083151037365,offshore wind|1,offshore
1,tas,2034,2307.23998249445,offshore wind|1,offshore
1,tas,2035,2275.7794817838308,offshore wind|1,offshore
1,tas,2036,2246.020400723778,offshore wind|1,offshore
1,tas,2037,2217.7881139063143,offshore wind|1,offshore
1,tas,2038,2190.9335724634616,offshore wind|1,offshore
1,tas,2039,2165.3285407704843,offshore wind|1,offshore
1,tas,2040,2140.861894001321,offshore wind|1,offshore
1,tas,2041,2117.436702866464,offshore wind|1,offshore
1,tas,2042,2094.9679128970315,offshore wind|1,offshore
1,tas,2043,2073.3804825773427,offshore wind|1,offshore
1,tas,2044,2052.60786907084,offshore wind|1,offshore
1,tas,2045,2032.5907935460948,offshore wind|1,offshore
1,tas,2046,2013.276217853552,offshore wind|1,offshore
1,tas,2047,1994.616501857181,offshore wind|1,offshore
1,tas,2048,1976.5686905169873,offshore wind|1,offshore
1,tas,2049,1959.0939236615186,offshore wind|1,offshore
1,tas,2050,1942.156928533212,offshore wind|1,offshore
1,vic-east,2020,3293.85619127076,offshore wind|1,offshore
1,vic-east,2021,3114.961909403706,offshore wind|1,offshore
1,vic-east,2022,2969.2754480686644,offshore wind|1,offshore
1,vic-east,2023,2844.593643318709,offshore wind|1,offshore
1,vic-east,2024,2734.4069560917264,offshore wind|1,offshore
1,vic-east,2025,2634.829770946155,offshore wind|1,offshore
1,vic-east,2026,2543.3557869204456,offshore wind|1,offshore
1,vic-east,2027,2458.273719806432,offshore wind|1,offshore
1,vic-east,2028,2378.3629779320668,offshore wind|1,offshore
1,vic-east,2029,2302.7223245182113,offshore wind|1,offshore
1,vic-east,2030,2230.6673491459433,offshore wind|1,offshore
1,vic-east,2031,2192.5356370619043,offshore wind|1,offshore
1,vic-east,2032,2157.0358631973886,offshore wind|1,offshore
1,vic-east,2033,2123.828042454598,offshore wind|1,offshore
1,vic-east,2034,2092.6340896799325,offshore wind|1,offshore
1,vic-east,2035,2063.223648971479,offshore wind|1,offshore
1,vic-east,2036,2035.40375830491,offshore wind|1,offshore
1,vic-east,2037,2009.0111711306904,offshore wind|1,offshore
1,vic-east,2038,1983.906551530633,offshore wind|1,offshore
1,vic-east,2039,1959.970019813136,offshore wind|1,offshore
1,vic-east,2040,1937.0976924485576,offshore wind|1,offshore
1,vic-east,2041,1915.1989569047812,offshore wind|1,offshore
1,vic-east,2042,1894.1942998253282,offshore wind|1,offshore
1,vic-east,2043,1874.0135708100638,offshore wind|1,offshore
1,vic-east,2044,1854.5945626837524,offshore wind|1,offshore
1,vic-east,2045,1835.8818594639347,offshore wind|1,offshore
1,vic-east,2046,1817.8258788437183,offshore wind|1,offshore
1,vic-east,2047,1800.382085599419,offshore wind|1,offshore
1,vic-east,2048,1783.5103233113332,offshore wind|1,offshore
1,vic-east,2049,1767.1742641187184,offshore wind|1,offshore
1,vic-east,2050,1751.3409342633195,offshore wind|1,offshore
1,vic-west,2020,3615.121333686291,offshore wind|1,offshore
1,vic-west,2021,3422.9772194092025,offshore wind|1,offshore
1,vic-west,2022,3266.570310398796,offshore wind|1,offshore
1,vic-west,2023,3132.7679478660193,offshore wind|1,offshore
1,vic-west,2024,3014.5647719156223,offshore wind|1,offshore
1,vic-west,2025,2907.7792063853453,offshore wind|1,offshore
1,vic-west,2026,2809.7140491228442,offshore wind|1,offshore
1,vic-west,2027,2718.527670305013,offshore wind|1,offshore
1,vic-west,2028,2632.906508394384,offshore wind|1,offshore
1,vic-west,2029,2551.880680396101,offshore wind|1,offshore
1,vic-west,2030,2474.713645278895,offshore wind|1,offshore
1,vic-west,2031,2433.6775040970115,offshore wind|1,offshore
1,vic-west,2032,2395.473771385695,offshore wind|1,offshore
1,vic-west,2033,2359.7365659428697,offshore wind|1,offshore
1,vic-west,2034,2326.166621624267,offshore wind|1,offshore
1,vic-west,2035,2294.5160362290526,offshore wind|1,offshore
1,vic-west,2036,2264.5771505530975,offshore wind|1,offshore
1,vic-west,2037,2236.174284005983,offshore wind|1,offshore
1,vic-west,2038,2209.157487176032,offshore wind|1,offshore
1,vic-west,2039,2183.3977496440384,offshore wind|1,offshore
1,vic-west,2040,2158.78327517314,offshore wind|1,offshore
1,vic-west,2041,2135.2165488493406,offshore wind|1,offshore
1,vic-west,2042,2112.6120022416453,offshore wind|1,offshore
1,vic-west,2043,2090.894140499445,offshore wind|1,offshore
1,vic-west,2044,2069.996018656765,offshore wind|1,offshore
1,vic-west,2045,2049.8579997963197,offshore wind|1,offshore
1,vic-west,2046,2030.4267252606253,offshore wind|1,offshore
1,vic-west,2047,2011.654267085003,offshore wind|1,offshore
1,vic-west,2048,1993.4974106841842,offshore wind|1,offshore
1,vic-west,2049,1975.9170611634197,offshore wind|1,offshore
1,vic-west,2050,1958.8777325505096,offshore wind|1,offshore
1,wa-south,2020,3815.8350107634074,offshore wind|1,offshore
1,wa-south,2021,3614.3504495656944,offshore wind|1,offshore
1,wa-south,2022,3450.362904851954,offshore wind|1,offshore
1,wa-south,2023,3310.093024229861,offshore wind|1,offshore
1,wa-south,2024,3186.190482473073,offshore wind|1,offshore
1,wa-south,2025,3074.267789690489,offshore wind|1,offshore
1,wa-south,2026,2971.494924959662,offshore wind|1,offshore
1,wa-south,2027,2875.939571234366,offshore wind|1,offshore
1,wa-south,2028,2786.223482832839,offshore wind|1,offshore
1,wa-south,2029,2701.3290168719273,offshore wind|1,offshore
1,wa-south,2030,2620.4833628069796,offshore wind|1,offshore
1,wa-south,2031,2577.426474910474,offshore wind|1,offshore
1,wa-south,2032,2537.341472158187,offshore wind|1,offshore
1,wa-south,2033,2499.8444558682354,offshore wind|1,offshore
1,wa-south,2034,2464.6214233438386,offshore wind|1,offshore
1,wa-south,2035,2431.41226527644,offshore wind|1,offshore
1,wa-south,2036,2399.999095955324,offshore wind|1,offshore
1,wa-south,2037,2370.197584304172,offshore wind|1,offshore
1,wa-south,2038,2341.850396863349,offshore wind|1,offshore
1,wa-south,2039,2314.8221700416766,offshore wind|1,offshore
1,wa-south,2040,2288.995602661728,offshore wind|1,offshore
1,wa-south,2041,2264.2683774224247,offshore wind|1,offshore
1,wa-south,2042,2240.550713138794,offshore wind|1,offshore
1,wa-south,2043,2217.76339650919,offshore wind|1,offshore
1,wa-south,2044,2195.83618643398,offshore wind|1,offshore
1,wa-south,2045,2174.706509009333,offshore wind|1,offshore
1,wa-south,2046,2154.318378378572,offshore wind|1,offshore
1,wa-south,2047,2134.6215062570463,offshore wind|1,offshore
1,wa-south,2048,2115.570550115367,offshore wind|1,offshore
1,wa-south,2049,2097.1244895704463,offshore wind|1,offshore
1,wa-south,2050,2079.246091595866,offshore wind|1,offshore
2,ex-wa,2020,3512.6351919100484,offshore wind|2,offshore
2,ex-wa,2021,3325.642146056617,offshore wind|2,offshore
2,ex-wa,2022,3173.4232166819484,offshore wind|2,offshore
2,ex-wa,2023,3043.199659716552,offshore wind|2,offshore
2,ex-wa,2024,2928.1549038692096,offshore wind|2,offshore
2,ex-wa,2025,2824.2200630724906,offshore wind|2,offshore
2,ex-wa,2026,2728.770622642802,offshore wind|2,offshore
2,ex-wa,2027,2640.0145830231454,offshore wind|2,offshore
2,ex-wa,2028,2556.6737823224526,offshore wind|2,offshore
2,ex-wa,2029,2477.804475018445,offshore wind|2,offshore
2,ex-wa,2030,2402.689969157508,offshore wind|2,offshore
2,ex-wa,2031,2362.7597188249442,offshore wind|2,offshore
2,ex-wa,2032,2325.5855457478438,offshore wind|2,offshore
2,ex-wa,2033,2290.81142906753,offshore wind|2,offshore
2,ex-wa,2034,2258.1461674794327,offshore wind|2,offshore
2,ex-wa,2035,2227.3485397176846,offshore wind|2,offshore
2,ex-wa,2036,2198.2164827656334,offshore wind|2,offshore
2,ex-wa,2037,2170.57905052855,offshore wind|2,offshore
2,ex-wa,2038,2144.290334400412,offshore wind|2,offshore
2,ex-wa,2039,2119.224801011768,offshore wind|2,offshore
2,ex-wa,2040,2095.27366670561,offshore wind|2,offshore
2,ex-wa,2041,2072.342044498391,offshore wind|2,offshore
2,ex-wa,2042,2050.3466721341765,offshore wind|2,offshore
2,ex-wa,2043,2029.2140891085137,offshore wind|2,offshore
2,ex-wa,2044,2008.879154743378,offshore wind|2,offshore
2,ex-wa,2045,1989.2838391811176,offshore wind|2,offshore
2,ex-wa,2046,1970.3762218016627,offshore wind|2,offshore
2,ex-wa,2047,1952.109666104017,offshore wind|2,offshore
2,ex-wa,2048,1934.4421222969631,offshore wind|2,offshore
2,ex-wa,2049,1917.3355490185359,offshore wind|2,offshore
2,ex-wa,2050,1900.7554164426285,offshore wind|2,offshore
2,nsw-south,2020,4062.993365158967,offshore wind|2,offshore
2,nsw-south,2021,3852.4753961159754,offshore wind|2,offshore
2,nsw-south,2022,3681.204327441038,offshore wind|2,offshore
2,nsw-south,2023,3534.7577623788825,offshore wind|2,offshore
2,nsw-south,2024,3405.442355557385,offshore wind|2,offshore
2,nsw-south,2025,3288.6658649905817,offshore wind|2,offshore
2,nsw-south,2026,3181.466199999636,offshore wind|2,offshore
2,nsw-south,2027,3081.8208672615015,offshore wind|2,offshore
2,nsw-south,2028,2988.2873031958275,offshore wind|2,offshore
2,nsw-south,2029,2899.8003734529016,offshore wind|2,offshore
2,nsw-south,2030,2815.5512021750437,offshore wind|2,offshore
2,nsw-south,2031,2770.4849661259773,offshore wind|2,offshore
2,nsw-south,2032,2728.529304777964,offshore wind|2,offshore
2,nsw-south,2033,2689.2824043056194,offshore wind|2,offshore
2,nsw-south,2034,2652.4156084818615,offshore wind|2,offshore
2,nsw-south,2035,2617.656668462254,offshore wind|2,offshore
2,nsw-south,2036,2584.7775316379198,offshore wind|2,offshore
2,nsw-south,2037,2553.5852643879794,offshore wind|2,offshore
2,nsw-south,2038,2523.9151902937633,offshore wind|2,offshore
2,nsw-south,2039,2495.6256294698865,offshore wind|2,offshore
2,nsw-south,2040,2468.593806226549,offshore wind|2,offshore
2,nsw-south,2041,2442.71262807227,offshore wind|2,offshore
2,nsw-south,2042,2417.8881248714756,offshore wind|2,offshore
2,nsw-south,2043,2394.037385859407,offshore wind|2,offshore
2,nsw-south,2044,2371.086892135467,offshore wind|2,offshore
2,nsw-south,2045,2348.971149903779,offshore wind|2,offshore
2,nsw-south,2046,2327.6315606044827,offshore wind|2,offshore
2,nsw-south,2047,2307.015488555766,offshore wind|2,offshore
2,nsw-south,2048,2287.0754758102903,offshore wind|2,offshore
2,nsw-south,2049,2267.7685879899827,offshore wind|2,offshore
2,nsw-south,2050,2249.055853236537,offshore wind|2,offshore
2,qld-north,2020,2640.3323743611877,offshore wind|2,offshore
2,qld-north,2021,2494.3635670876697,offshore wind|2,offshore
2,qld-north,2022,2375.447959630536,offshore wind|2,offshore
2,qld-north,2023,2273.6440803250534,offshore wind|2,offshore
2,qld-north,2024,2183.648844226264,offshore wind|2,offshore
2,qld-north,2025,2102.296782215147,offshore wind|2,offshore
2,qld-north,2026,2027.546102743205,offshore wind|2,offshore
2,qld-north,2027,1958.0026840603987,offshore wind|2,offshore
2,qld-north,2028,1892.6721558559486,offshore wind|2,offshore
2,qld-north,2029,1830.8203130962781,offshore wind|2,offshore
2,qld-north,2030,1771.8895909013997,offshore wind|2,offshore
2,qld-north,2031,1740.8250769694228,offshore wind|2,offshore
2,qld-north,2032,1711.9047064559397,offshore wind|2,offshore
2,qld-north,2033,1684.8515066169446,offshore wind|2,offshore
2,qld-north,2034,1659.4389306812816,offshore wind|2,offshore
2,qld-north,2035,1635.4793179923006,offshore wind|2,offshore
2,qld-north,2036,1612.8154680360235,offshore wind|2,offshore
2,qld-north,2037,1591.3143906913758,offshore wind|2,offshore
2,qld-north,2038,1570.8625725856705,offshore wind|2,offshore
2,qld-north,2039,1551.3623541510194,offshore wind|2,offshore
2,qld-north,2040,1532.729103733149,offshore wind|2,offshore
2,qld-north,2041,1514.8890022277371,offshore wind|2,offshore
2,qld-north,2042,1497.7772747712627,offshore wind|2,offshore
2,qld-north,2043,1481.3367706033998,offshore wind|2,offshore
2,qld-north,2044,1465.5168134534092,offshore wind|2,offshore
2,qld-north,2045,1450.272256821107,offshore wind|2,offshore
2,qld-north,2046,1435.5627085737208,offshore wind|2,offshore
2,qld-north,2047,1421.3518863076235,offshore wind|2,offshore
2,qld-north,2048,1407.6070774447744,offshore wind|2,offshore
2,qld-north,2049,1394.2986863189446,offshore wind|2,offshore
2,qld-north,2050,1381.399849761812,offshore wind|2,offshore
2,sa,2020,3071.5095746521374,offshore wind|2,offshore
2,sa,2021,2902.8582388228456,offshore wind|2,offshore
2,sa,2022,2765.482851924515,offshore wind|2,offshore
2,sa,2023,2647.890171579488,offshore wind|2,offshore
2,sa,2024,2543.949352335433,offshore wind|2,offshore
2,sa,2025,2450.0008251627005,offshore wind|2,offshore
2,sa,2026,2363.6840938635028,offshore wind|2,offshore
2,sa,2027,2283.3874283717137,offshore wind|2,offshore
2,sa,2028,2207.9612451668636,offshore wind|2,offshore
2,sa,2029,2136.556737248897,offshore wind|2,offshore
2,sa,2030,2068.529309852383,offshore wind|2,offshore
2,sa,2031,2032.6159178899745,offshore wind|2,offshore
2,sa,2032,1999.1813505408609,offshore wind|2,offshore
2,sa,2033,1967.9054014950325,offshore wind|2,offshore
2,sa,2034,1938.526162995036,offshore wind|2,offshore
2,sa,2035,1910.8266807833304,offshore wind|2,offshore
2,sa,2036,1884.6252178561547,offshore wind|2,offshore
2,sa,2037,1859.7680247945195,offshore wind|2,offshore
2,sa,2038,1836.123871431931,offshore wind|2,offshore
2,sa,2039,1813.5798523674603,offshore wind|2,offshore
2,sa,2040,1792.038127263694,offshore wind|2,offshore
2,sa,2041,1771.4133550369888,offshore wind|2,offshore
2,sa,2042,1751.6306480940068,offshore wind|2,offshore
2,sa,2043,1732.6239369531588,offshore wind|2,offshore
2,sa,2044,1714.3346336304476,offshore wind|2,offshore
2,sa,2045,1696.7105456855898,offshore wind|2,offshore
2,sa,2046,1679.704975407156,offshore wind|2,offshore
2,sa,2047,1663.2759783364759,offshore wind|2,offshore
2,sa,2048,1647.3857342951576,offshore wind|2,offshore
2,sa,2049,1632.0000285958085,offshore wind|2,offshore
2,sa,2050,1617.0878059094168,offshore wind|2,offshore
2,tas,2020,3088.9777521439287,offshore wind|2,offshore
2,tas,2021,2920.1096761801587,offshore wind|2,offshore
2,tas,2022,2782.5699585697184,offshore wind|2,offshore
2,tas,2023,2664.846097734712,offshore wind|2,offshore
2,tas,2024,2560.7969745771243,offshore wind|2,offshore
2,tas,2025,2466.7568877208805,offshore wind|2,offshore
2,tas,2026,2380.3613854028818,offshore wind|2,offshore
2,tas,2027,2299.9960366688592,offshore wind|2,offshore
2,tas,2028,2224.5093318981844,offshore wind|2,offshore
2,tas,2029,2153.0510415559484,offshore wind|2,offshore
2,tas,2030,2084.975490622809,offshore wind|2,offshore
2,tas,2031,2049.0019182346837,offshore wind|2,offshore
2,tas,2032,2015.5113241733516,offshore wind|2,offshore
2,tas,2033,1984.182965656344,offshore wind|2,offshore
2,tas,2034,1954.7544960300065,offshore wind|2,offshore
2,tas,2035,1927.0085973884068,offshore wind|2,offshore
2,tas,2036,1900.7632283617345,offshore wind|2,offshore
2,tas,2037,1875.8643818790058,offshore wind|2,offshore
2,tas,2038,1852.1806076724004,offshore wind|2,offshore
2,tas,2039,1829.5988113862352,offshore wind|2,offshore
2,tas,2040,1808.020988586882,offshore wind|2,offshore
2,tas,2041,1787.3616550940608,offshore wind|2,offshore
2,tas,2042,1767.5457981016675,offshore wind|2,offshore
2,tas,2043,1748.5072371576998,offshore wind|2,offshore
2,tas,2044,1730.1872862176433,offshore wind|2,offshore
2,tas,2045,1712.5336653780544,offshore wind|2,offshore
2,tas,2046,1695.4995987178308,offshore wind|2,offshore
2,tas,2047,1679.0430713167225,offshore wind|2,offshore
2,tas,2048,1663.1261998062266,offshore wind|2,offshore
2,tas,2049,1647.714712191235,offshore wind|2,offshore
2,tas,2050,1632.7775008239519,offshore wind|2,offshore
2,vic-east,2020,3269.7540356015375,offshore wind|2,offshore
2,vic-east,2021,3091.745269177803,offshore wind|2,offshore
2,vic-east,2022,2946.772901653059,offshore wind|2,offshore
2,vic-east,2023,2822.6967628590915,offshore wind|2,offshore
2,vic-east,2024,2713.040916553155,offshore wind|2,offshore
2,vic-east,2025,2613.9398051549847,offshore wind|2,offshore
2,vic-east,2026,2522.9000654813935,offshore wind|2,offshore
2,vic-east,2027,2438.219247128483,offshore wind|2,offshore
2,vic-east,2028,2358.6830591384655,offshore wind|2,offshore
2,vic-east,2029,2283.3949170541437,offshore wind|2,offshore
2,vic-east,2030,2211.673943477515,offshore wind|2,offshore
2,vic-east,2031,2173.7390705268217,offshore wind|2,offshore
2,vic-east,2032,2138.4225495293995,offshore wind|2,offshore
2,vic-east,2033,2105.3861504090237,offshore wind|2,offshore
2,vic-east,2034,2074.3532234955806,offshore wind|2,offshore
2,vic-east,2035,2045.094602015804,offshore wind|2,offshore
2,vic-east,2036,2017.4183200193172,offshore wind|2,offshore
2,vic-east,2037,1991.1619736074229,offshore wind|2,offshore
2,vic-east,2038,1966.1869462116251,offshore wind|2,offshore
2,vic-east,2039,1942.373976897777,offshore wind|2,offshore
2,vic-east,2040,1919.6197184277696,offshore wind|2,offshore
2,vic-east,2041,1897.834026093827,offshore wind|2,offshore
2,vic-east,2042,1876.9377968058218,offshore wind|2,offshore
2,vic-east,2043,1856.861242461727,offshore wind|2,offshore
2,vic-east,2044,1837.5424769219928,offshore wind|2,offshore
2,vic-east,2045,1818.9263702896483,offshore wind|2,offshore
2,vic-east,2046,1800.9635961602849,offshore wind|2,offshore
2,vic-east,2047,1783.609849292226,offshore wind|2,offshore
2,vic-east,2048,1766.8251804754918,offshore wind|2,offshore
2,vic-east,2049,1750.573449393236,offshore wind|2,offshore
2,vic-east,2050,1734.8218525825803,offshore wind|2,offshore
2,vic-west,2020,3932.876899626189,offshore wind|2,offshore
2,vic-west,2021,3727.4221474715746,offshore wind|2,offshore
2,vic-west,2022,3560.241090384308,offshore wind|2,offshore
2,vic-west,2023,3417.268963621142,offshore wind|2,offshore
2,vic-west,2024,3291.0031937852955,offshore wind|2,offshore
2,vic-west,2025,3176.965412638939,offshore wind|2,offshore
2,vic-west,2026,3072.266980618884,offshore wind|2,offshore
2,vic-west,2027,2974.9355562210585,offshore wind|2,offshore
2,vic-west,2028,2883.5643467445066,offshore wind|2,offshore
2,vic-west,2029,2797.1146302648517,offshore wind|2,offshore
2,vic-west,2030,2714.797588738469,offshore wind|2,offshore
2,vic-west,2031,2670.8488600223372,offshore wind|2,offshore
2,vic-west,2032,2629.9335731775845,offshore wind|2,offshore
2,vic-west,2033,2591.659878069022,offshore wind|2,offshore
2,vic-west,2034,2555.707268075463,offshore wind|2,offshore
2,vic-west,2035,2521.8102456074603,offshore wind|2,offshore
2,vic-west,2036,2489.7464127155927,offshore wind|2,offshore
2,vic-west,2037,2459.3276199881316,offshore wind|2,offshore
2,vic-west,2038,2430.3932747367753,offshore wind|2,offshore
2,vic-west,2039,2402.805210070073,offshore wind|2,offshore
2,vic-west,2040,2376.443694874778,offshore wind|2,offshore
2,vic-west,2041,2351.2042924180078,offshore wind|2,offshore
2,vic-west,2042,2326.9953622726935,offshore wind|2,offshore
2,vic-west,2043,2303.736050035574,offshore wind|2,offshore
2,vic-west,2044,2281.354659728566,offshore wind|2,offshore
2,vic-west,2045,2259.787321547322,offshore wind|2,offshore
2,vic-west,2046,2238.976889947818,offshore wind|2,offshore
2,vic-west,2047,2218.8720347025696,offshore wind|2,offshore
2,vic-west,2048,2199.4264744434245,offshore wind|2,offshore
2,vic-west,2049,2180.5983393661268,offshore wind|2,offshore
2,vic-west,2050,2162.3496244190587,offshore wind|2,offshore
2,wa-south,2020,3748.320659345705,offshore wind|2,offshore
2,wa-south,2021,3550.780268804986,offshore wind|2,offshore
2,wa-south,2022,3390.009358978122,offshore wind|2,offshore
2,wa-south,2023,3252.4959319391437,offshore wind|2,offshore
2,wa-south,2024,3131.0322767100884,offshore wind|2,offshore
2,wa-south,2025,3021.3160316389376,offshore wind|2,offshore
2,wa-south,2026,2920.5720852565164,offshore wind|2,offshore
2,wa-south,2027,2826.9056119453517,offshore wind|2,offshore
2,wa-south,2028,2738.965107984739,offshore wind|2,offshore
2,wa-south,2029,2655.752674913979,offshore wind|2,offshore
2,wa-south,2030,2576.510496489395,offshore wind|2,offshore
2,wa-south,2031,2534.2890192764085,offshore wind|2,offshore
2,wa-south,2032,2494.981765087115,offshore wind|2,offshore
2,wa-south,2033,2458.212284197651,offshore wind|2,offshore
2,wa-south,2034,2423.6726662163733,offshore wind|2,offshore
2,wa-south,2035,2391.1078480405304,offshore wind|2,offshore
2,wa-south,2036,2360.304172394319,offshore wind|2,offshore
2,wa-south,2037,2331.080884180212,offshore wind|2,offshore
2,wa-south,2038,2303.283702445291,offshore wind|2,offshore
2,wa-south,2039,2276.7798904448996,offshore wind|2,offshore
2,wa-south,2040,2251.454422633853,offshore wind|2,offshore
2,wa-south,2041,2227.2069671336276,offshore wind|2,offshore
2,wa-south,2042,2203.9494843956786,offshore wind|2,offshore
2,wa-south,2043,2181.6042983927955,offshore wind|2,offshore
2,wa-south,2044,2160.1025306179286,offshore wind|2,offshore
2,wa-south,2045,2139.3828215383874,offshore wind|2,offshore
2,wa-south,2046,2119.3902713207185,offshore wind|2,offshore
2,wa-south,2047,2100.0755673490944,offshore wind|2,offshore
2,wa-south,2048,2081.3942469919916,offshore wind|2,offshore
2,wa-south,2049,2063.306086101052,offshore wind|2,offshore
2,wa-south,2050,2045.7745733808756,offshore wind|2,offshore
3,ex-sa,2020,3136.277805756298,offshore wind|3,offshore
3,ex-sa,2021,2964.30083812541,offshore wind|3,offshore
3,ex-sa,2022,2824.2203447757124,offshore wind|3,offshore
3,ex-sa,2023,2704.3150534434294,offshore wind|3,offshore
3,ex-sa,2024,2598.332480750824,offshore wind|3,offshore
3,ex-sa,2025,2502.540450583268,offshore wind|3,offshore
3,ex-sa,2026,2414.531633664429,offshore wind|3,offshore
3,ex-sa,2027,2332.6623227679156,offshore wind|3,offshore
3,ex-sa,2028,2255.7601261046943,offshore wind|3,offshore
3,ex-sa,2029,2182.9593961022288,offshore wind|3,offshore
3,ex-sa,2030,2113.6027490981173,offshore wind|3,offshore
3,ex-sa,2031,2076.9768232773704,offshore wind|3,offshore
3,ex-sa,2032,2042.8789028566625,offshore wind|3,offshore
3,ex-sa,2033,2010.9824284432186,offshore wind|3,offshore
3,ex-sa,2034,1981.0202960438755,offshore wind|3,offshore
3,ex-sa,2035,1952.7712467536523,offshore wind|3,offshore
3,ex-sa,2036,1926.0499379901353,offshore wind|3,offshore
3,ex-sa,2037,1900.6995697955606,offshore wind|3,offshore
3,ex-sa,2038,1876.5863085267024,offshore wind|3,offshore
3,ex-sa,2039,1853.5950084657431,offshore wind|3,offshore
3,ex-sa,2040,1831.6258882644972,offshore wind|3,offshore
3,ex-sa,2041,1810.5919136925504,offshore wind|3,offshore
3,ex-sa,2042,1790.4167111479023,offshore wind|3,offshore
3,ex-sa,2043,1771.0329005227297,offshore wind|3,offshore
3,ex-sa,2044,1752.380731239367,offshore wind|3,offshore
3,ex-sa,2045,1734.4069754656005,offshore wind|3,offshore
3,ex-sa,2046,1717.0640089043022,offshore wind|3,offshore
3,ex-sa,2047,1700.3090550448921,offshore wind|3,offshore
3,ex-sa,2048,1684.1035431806893,offshore wind|3,offshore
3,ex-sa,2049,1668.4125798678315,offshore wind|3,offshore
3,ex-sa,2050,1653.204493715075,offshore wind|3,offshore
3,ex-wa,2020,3047.919781108059,offshore wind|3,offshore
3,ex-wa,2021,2879.1803617620185,offshore wind|3,offshore
3,ex-wa,2022,2741.7104645042637,offshore wind|3,offshore
3,ex-wa,2023,2624.0192084001224,offshore wind|3,offshore
3,ex-wa,2024,2519.977008072465,offshore wind|3,offshore
3,ex-wa,2025,2425.9250464320407,offshore wind|3,offshore
3,ex-wa,2026,2339.5033124404354,offshore wind|3,offshore
3,ex-wa,2027,2259.1004074224356,offshore wind|3,offshore
3,ex-wa,2028,2183.5669835487997,offshore wind|3,offshore
3,ex-wa,2029,2112.054408590695,offshore wind|3,offshore
3,ex-wa,2030,2043.9182204424696,offshore wind|3,offshore
3,ex-wa,2031,2008.0122082387873,offshore wind|3,offshore
3,ex-wa,2032,1974.584511438498,offshore wind|3,offshore
3,ex-wa,2033,1943.3149893259626,offshore wind|3,offshore
3,ex-wa,2034,1913.941788006316,offshore wind|3,offshore
3,ex-wa,2035,1886.2479979563975,offshore wind|3,offshore
3,ex-wa,2036,1860.0519192096458,offshore wind|3,offshore
3,ex-wa,2037,1835.1998339498664,offshore wind|3,offshore
3,ex-wa,2038,1811.5605393805906,offshore wind|3,offshore
3,ex-wa,2039,1789.0211528038294,offshore wind|3,offshore
3,ex-wa,2040,1767.48385428897,offshore wind|3,offshore
3,ex-wa,2041,1746.8633204677658,offshore wind|3,offshore
3,ex-wa,2042,1727.0846785737704,offshore wind|3,offshore
3,ex-wa,2043,1708.0818732254504,offshore wind|3,offshore
3,ex-wa,2044,1689.7963282280098,offshore wind|3,offshore
3,ex-wa,2045,1672.1758618919591,offshore wind|3,offshore
3,ex-wa,2046,1655.1737860079902,offshore wind|3,offshore
3,ex-wa,2047,1638.7481650916698,offshore wind|3,offshore
3,ex-wa,2048,1622.861186357136,offshore wind|3,offshore
3,ex-wa,2049,1607.478642108944,offshore wind|3,offshore
3,ex-wa,2050,1592.5694839456328,offshore wind|3,offshore
3,nsw-north,2020,4494.042819,offshore wind|3,offshore
3,nsw-north,2021,4262.452955,offshore wind|3,offshore
3,nsw-north,2022,4074.0604400000007,offshore wind|3,offshore
3,nsw-north,2023,3912.99117,offshore wind|3,offshore
3,nsw-north,2024,3770.777417,offshore wind|3,offshore
3,nsw-north,2025,3642.364701,offshore wind|3,offshore
3,nsw-north,2026,3524.492778,offshore wind|3,offshore
3,nsw-north,2027,3414.935579,offshore wind|3,offshore
3,nsw-north,2028,3312.1053359999996,offshore wind|3,offshore
3,nsw-north,2029,3214.829703,offshore wind|3,offshore
3,nsw-north,2030,3122.2183860000005,offshore wind|3,offshore
3,nsw-north,2031,3072.61595,offshore wind|3,offshore
3,nsw-north,2032,3026.437188,offshore wind|3,offshore
3,nsw-north,2033,2983.23984,offshore wind|3,offshore
3,nsw-north,2034,2942.662169,offshore wind|3,offshore
3,nsw-north,2035,2904.4045240000005,offshore wind|3,offshore
3,nsw-north,2036,2868.215895,offshore wind|3,offshore
3,nsw-north,2037,2833.88393,offshore wind|3,offshore
3,nsw-north,2038,2801.227377,offshore wind|3,offshore
3,nsw-north,2039,2770.090294,offshore wind|3,offshore
3,nsw-north,2040,2740.337548,offshore wind|3,offshore
3,nsw-north,2041,2711.851266,offshore wind|3,offshore
3,nsw-north,2042,2684.528021,offshore wind|3,offshore
3,nsw-north,2043,2658.276555,offshore wind|3,offshore
3,nsw-north,2044,2633.01595,offshore wind|3,offshore
3,nsw-north,2045,2608.674119,offshore wind|3,offshore
3,nsw-north,2046,2585.186566,offshore wind|3,offshore
3,nsw-north,2047,2562.495357,offshore wind|3,offshore
3,nsw-north,2048,2540.548257,offshore wind|3,offshore
3,nsw-north,2049,2519.298009,offshore wind|3,offshore
3,nsw-north,2050,2498.70172,offshore wind|3,offshore
3,nsw-south,2020,3500.5996680230005,offshore wind|3,offshore
3,nsw-south,2021,3314.1741706676858,offshore wind|3,offshore
3,nsw-south,2022,3162.4160038758682,offshore wind|3,offshore
3,nsw-south,2023,3032.585665488211,offshore wind|3,offshore
3,nsw-south,2024,2917.887516659428,offshore wind|3,offshore
3,nsw-south,2025,2814.2651661904747,offshore wind|3,offshore
3,nsw-south,2026,2719.102158872573,offshore wind|3,offshore
3,nsw-south,2027,2630.6119979499754,offshore wind|3,offshore
3,nsw-south,2028,2547.5204467313274,offshore wind|3,offshore
3,nsw-south,2029,2468.8866576198952,offshore wind|3,offshore
3,nsw-south,2030,2393.996139519793,offshore wind|3,offshore
3,nsw-south,2031,2354.1885082848526,offshore wind|3,offshore
3,nsw-south,2032,2317.1284908280772,offshore wind|3,offshore
3,nsw-south,2033,2282.461159758322,offshore wind|3,offshore
3,nsw-south,2034,2249.8962079801245,offshore wind|3,offshore
3,nsw-south,2035,2219.1931543828423,offshore wind|3,offshore
3,nsw-south,2036,2190.1505572549836,offshore wind|3,offshore
3,nsw-south,2037,2162.597994921445,offshore wind|3,offshore
3,nsw-south,2038,2136.390007002741,offshore wind|3,offshore
3,nsw-south,2039,2111.40144564522,offshore wind|3,offshore
3,nsw-south,2040,2087.5238612340386,offshore wind|3,offshore
3,nsw-south,2041,2064.6626584762103,offshore wind|3,offshore
3,nsw-south,2042,2042.7348300845686,offshore wind|3,offshore
3,nsw-south,2043,2021.6671418373085,offshore wind|3,offshore
3,nsw-south,2044,2001.3946526069901,offshore wind|3,offshore
3,nsw-south,2045,1981.8595110961087,offshore wind|3,offshore
3,nsw-south,2046,1963.0099557980104,offshore wind|3,offshore
3,nsw-south,2047,1944.7994936393336,offshore wind|3,offshore
3,nsw-south,2048,1927.1862037977146,offshore wind|3,offshore
3,nsw-south,2049,1910.1321620758374,offshore wind|3,offshore
3,nsw-south,2050,1893.602944363108,offshore wind|3,offshore
3,nt,2020,3286.753022619382,offshore wind|3,offshore
3,nt,2021,3108.12446582605,offshore wind|3,offshore
3,nt,2022,2962.652406310443,offshore wind|3,offshore
3,nt,2023,2838.152540356619,offshore wind|3,offshore
3,nt,2024,2728.1253894943566,offshore wind|3,offshore
3,nt,2025,2628.691343556934,offshore wind|3,offshore
3,nt,2026,2537.3479751231985,offshore wind|3,offshore
3,nt,2027,2452.386644792611,offshore wind|3,offshore
3,nt,2028,2372.5886473296,offshore wind|3,offshore
3,nt,2029,2297.054138832435,offshore wind|3,offshore
3,nt,2030,2225.099766661075,offshore wind|3,offshore
3,nt,2031,2187.02698772781,offshore wind|3,offshore
3,nt,2032,2151.5820793168277,offshore wind|3,offshore
3,nt,2033,2118.425581796739,offshore wind|3,offshore
3,nt,2034,2087.2798397933425,offshore wind|3,offshore
3,nt,2035,2057.914853369356,offshore wind|3,offshore
3,nt,2036,2030.137958799277,offshore wind|3,offshore
3,nt,2037,2003.7861617722108,offshore wind|3,offshore
3,nt,2038,1978.7203417558096,offshore wind|3,offshore
3,nt,2039,1954.8208043155514,offshore wind|3,offshore
3,nt,2040,1931.9838264850325,offshore wind|3,offshore
3,nt,2041,1910.118935824739,offshore wind|3,offshore
3,nt,2042,1889.1467417476824,offshore wind|3,offshore
3,nt,2043,1868.9972023868206,offshore wind|3,offshore
3,nt,2044,1849.6082066397191,offshore wind|3,offshore
3,nt,2045,1830.9244242111927,offshore wind|3,offshore
3,nt,2046,1812.896349381024,offshore wind|3,offshore
3,nt,2047,1795.4795158002105,offshore wind|3,offshore
3,nt,2048,1778.6338290733822,offshore wind|3,offshore
3,nt,2049,1762.323017522485,offshore wind|3,offshore
3,nt,2050,1746.5141583435516,offshore wind|3,offshore
3,qld-south,2020,3397.9440684621945,offshore wind|3,offshore
3,qld-south,2021,3215.316742117047,offshore wind|3,offshore
3,qld-south,2022,3066.6221354809163,offshore wind|3,offshore
3,qld-south,2023,2939.3906997882964,offshore wind|3,offshore
3,qld-south,2024,2826.9707980035687,offshore wind|3,offshore
3,qld-south,2025,2725.3919950058757,offshore wind|3,offshore
3,qld-south,2026,2632.0932791951504,offshore wind|3,offshore
3,qld-south,2027,2545.326010367767,offshore wind|3,offshore
3,qld-south,2028,2463.8429527916205,offshore wind|3,offshore
3,qld-south,2029,2386.7231961129005,offshore wind|3,offshore
3,qld-south,2030,2313.267389635356,offshore wind|3,offshore
3,qld-south,2031,2274.303294021868,offshore wind|3,offshore
3,qld-south,2032,2238.0285895350303,offshore wind|3,offshore
3,qld-south,2033,2204.0958695864224,offshore wind|3,offshore
3,qld-south,2034,2172.2209787157085,offshore wind|3,offshore
3,qld-south,2035,2142.168532346397,offshore wind|3,offshore
3,qld-south,2036,2113.7413565103284,offshore wind|3,offshore
3,qld-south,2037,2086.772641183407,offshore wind|3,offshore
3,qld-south,2038,2061.120008496933,offshore wind|3,offshore
3,qld-south,2039,2036.6609622362203,offshore wind|3,offshore
3,qld-south,2040,2013.2893510008566,offshore wind|3,offshore
3,qld-south,2041,1990.912583994774,offshore wind|3,offshore
3,qld-south,2042,1969.4494128471054,offshore wind|3,offshore
3,qld-south,2043,1948.8281551900754,offshore wind|3,offshore
3,qld-south,2044,1928.9852461860262,offshore wind|3,offshore
3,qld-south,2045,1909.8640601453103,offshore wind|3,offshore
3,qld-south,2046,1891.4139325515785,offshore wind|3,offshore
3,qld-south,2047,1873.5893556584722,offshore wind|3,offshore
3,qld-south,2048,1856.34929680772,offshore wind|3,offshore
3,qld-south,2049,1839.656635141142,offshore wind|3,offshore
3,qld-south,2050,1823.4776766445723,offshore wind|3,offshore
3,sa,2020,3407.828940363418,offshore wind|3,offshore
3,sa,2021,3225.2345210930166,offshore wind|3,offshore
3,sa,2022,3076.576190926839,offshore wind|3,offshore
3,sa,2023,2949.3831631289604,offshore wind|3,offshore
3,sa,2024,2837.003140028584,offshore wind|3,offshore
3,sa,2025,2735.4652922671908,offshore wind|3,offshore
3,sa,2026,2642.2083538990123,offshore wind|3,offshore
3,sa,2027,2555.483510968561,offshore wind|3,offshore
3,sa,2028,2474.0434041594126,offshore wind|3,offshore
3,sa,2029,2396.9670314847685,offshore wind|3,offshore
3,sa,2030,2323.5549727247076,offshore wind|3,offshore
3,sa,2031,2284.5870079983847,offshore wind|3,offshore
3,sa,2032,2248.3087013828717,offshore wind|3,offshore
3,sa,2033,2214.372611922906,offshore wind|3,offshore
3,sa,2034,2182.494555921879,offshore wind|3,offshore
3,sa,2035,2152.4391252066266,offshore wind|3,offshore
3,sa,2036,2124.0091265687556,offshore wind|3,offshore
3,sa,2037,2097.037733278937,offshore wind|3,offshore
3,sa,2038,2071.3825532084365,offshore wind|3,offshore
3,sa,2039,2046.921078185968,offshore wind|3,offshore
3,sa,2040,2023.5471461460374,offshore wind|3,offshore
3,sa,2041,2001.1681571026925,offshore wind|3,offshore
3,sa,2042,1979.7028546652339,offshore wind|3,offshore
3,sa,2043,1959.0795493113783,offshore wind|3,offshore
3,sa,2044,1939.2346698669664,offshore wind|3,offshore
3,sa,2045,1920.1115851045024,offshore wind|3,offshore
3,sa,2046,1901.6596254303745,offshore wind|3,offshore
3,sa,2047,1883.8332784889892,offshore wind|3,offshore
3,sa,2048,1866.5915076611948,offshore wind|3,offshore
3,sa,2049,1849.8971885095768,offshore wind|3,offshore
3,sa,2050,1833.7166233657547,offshore wind|3,offshore
3,tas,2020,3447.24736027174,offshore wind|3,offshore
3,tas,2021,3262.237838441104,offshore wind|3,offshore
3,tas,2022,3111.608155174615,offshore wind|3,offshore
3,tas,2023,2982.7244550762225,offshore wind|3,offshore
3,tas,2024,2868.847454998601,offshore wind|3,offshore
3,tas,2025,2765.9544028702676,offshore wind|3,offshore
3,tas,2026,2671.450541555559,offshore wind|3,offshore
3,tas,2027,2583.5641897130067,offshore wind|3,offshore
3,tas,2028,2501.031677207592,offshore wind|3,offshore
3,tas,2029,2422.919959180112,offshore wind|3,offshore
3,tas,2030,2348.520469886059,offshore wind|3,offshore
3,tas,2031,2309.042958764587,offshore wind|3,offshore
3,tas,2032,2272.290275913623,offshore wind|3,offshore
3,tas,2033,2237.9104370707564,offshore wind|3,offshore
3,tas,2034,2205.6155426280793,offshore wind|3,offshore
3,tas,2035,2175.1671062497335,offshore wind|3,offshore
3,tas,2036,2146.3653560505063,offshore wind|3,offshore
3,tas,2037,2119.0412839145756,offshore wind|3,offshore
3,tas,2038,2093.0506360036998,offshore wind|3,offshore
3,tas,2039,2068.2693019028466,offshore wind|3,offshore
3,tas,2040,2044.5897315836855,offshore wind|3,offshore
3,tas,2041,2021.9181142506861,offshore wind|3,offshore
3,tas,2042,2000.1721308175781,offshore wind|3,offshore
3,tas,2043,1979.27915452321,offshore wind|3,offshore
3,tas,2044,1959.174782826749,offshore wind|3,offshore
3,tas,2045,1939.8016440046522,offshore wind|3,offshore
3,tas,2046,1921.108405883514,offshore wind|3,offshore
3,tas,2047,1903.0489611536882,offshore wind|3,offshore
3,tas,2048,1885.5817363992621,offshore wind|3,offshore
3,tas,2049,1868.6691217079076,offshore wind|3,offshore
3,tas,2050,1852.276979082776,offshore wind|3,offshore
3,vic-east,2020,3482.1298631764607,offshore wind|3,offshore
3,vic-east,2021,3295.9041061376906,offshore wind|3,offshore
3,vic-east,2022,3144.2952382980543,offshore wind|3,offshore
3,vic-east,2023,3014.5822933300383,offshore wind|3,offshore
3,vic-east,2024,2899.979520325863,offshore wind|3,offshore
3,vic-east,2025,2796.4364301669593,offshore wind|3,offshore
3,vic-east,2026,2701.3403746838617,offshore wind|3,offshore
3,vic-east,2027,2612.907456652397,offshore wind|3,offshore
3,vic-east,2028,2529.8652930571684,offshore wind|3,offshore
3,vic-east,2029,2451.2744055071053,offshore wind|3,offshore
3,vic-east,2030,2376.4213426043775,offshore wind|3,offshore
3,vic-east,2031,2336.671632111212,offshore wind|3,offshore
3,vic-east,2032,2299.665537667468,offshore wind|3,offshore
3,vic-east,2033,2265.048648129584,offshore wind|3,offshore
3,vic-east,2034,2232.5310788240736,offshore wind|3,offshore
3,vic-east,2035,2201.8726988767276,offshore wind|3,offshore
3,vic-east,2036,2172.872359184794,offshore wind|3,offshore
3,vic-east,2037,2145.359886250659,offshore wind|3,offshore
3,vic-east,2038,2119.190031494513,offshore wind|3,offshore
3,vic-east,2039,2094.2378288856726,offshore wind|3,offshore
3,vic-east,2040,2070.3949867643814,offshore wind|3,offshore
3,vic-east,2041,2047.5670474599187,offshore wind|3,offshore
3,vic-east,2042,2025.6711244247006,offshore wind|3,offshore
3,vic-east,2043,2004.6340900155533,offshore wind|3,offshore
3,vic-east,2044,1984.3910976517466,offshore wind|3,offshore
3,vic-east,2045,1964.8843800777033,offshore wind|3,offshore
3,vic-east,2046,1946.0622511767256,offshore wind|3,offshore
3,vic-east,2047,1927.8782856339596,offshore wind|3,offshore
3,vic-east,2048,1910.290623480614,offshore wind|3,offshore
3,vic-east,2049,1893.2613955407594,offshore wind|3,offshore
3,vic-east,2050,1876.756228216007,offshore wind|3,offshore
3,vic-west,2020,3190.8324628056494,offshore wind|3,offshore
3,vic-west,2021,3017.04564160947,offshore wind|3,offshore
3,vic-west,2022,2875.5104359179018,offshore wind|3,offshore
3,vic-west,2023,2754.375066828423,offshore wind|3,offshore
3,vic-west,2024,2647.317434525696,offshore wind|3,offshore
3,vic-west,2025,2550.5638082006208,offshore wind|3,offshore
3,vic-west,2026,2461.6800548269543,offshore wind|3,offshore
3,vic-west,2027,2379.0041657460806,offshore wind|3,offshore
3,vic-west,2028,2301.3506958706494,offshore wind|3,offshore
3,vic-west,2029,2227.844359104831,offshore wind|3,offshore
3,vic-west,2030,2157.8204522447277,offshore wind|3,offshore
3,vic-west,2031,2120.786726590903,offshore wind|3,offshore
3,vic-west,2032,2086.309153533411,offshore wind|3,offshore
3,vic-west,2033,2054.057537817598,offshore wind|3,offshore
3,vic-west,2034,2023.761801488561,offshore wind|3,offshore
3,vic-west,2035,1995.1982218755543,offshore wind|3,offshore
3,vic-west,2036,1968.1793930724375,offshore wind|3,offshore
3,vic-west,2037,1942.546769220351,offshore wind|3,offshore
3,vic-west,2038,1918.1650263358,offshore wind|3,offshore
3,vic-west,2039,1894.917736896691,offshore wind|3,offshore
3,vic-west,2040,1872.7040084372084,offshore wind|3,offshore
3,vic-west,2041,1851.4358375624945,offshore wind|3,offshore
3,vic-west,2042,1831.0360006231042,offshore wind|3,offshore
3,vic-west,2043,1811.4363670079142,offshore wind|3,offshore
3,vic-west,2044,1792.5765209518001,offshore wind|3,offshore
3,vic-west,2045,1774.4026420227403,offshore wind|3,offshore
3,vic-west,2046,1756.8665756890514,offshore wind|3,offshore
3,vic-west,2047,1739.9250689652476,offshore wind|3,offshore
3,vic-west,2048,1723.5391218902014,offshore wind|3,offshore
3,vic-west,2049,1707.6734525807847,offshore wind|3,offshore
3,vic-west,2050,1692.2960366415873,offshore wind|3,offshore
3,wa-south,2020,3708.932815419686,offshore wind|3,offshore
3,wa-south,2021,3512.5345019022106,offshore wind|3,offshore
3,wa-south,2022,3352.67708050224,offshore wind|3,offshore
3,wa-south,2023,3215.932554354708,offshore wind|3,offshore
3,wa-south,2024,3095.138021628826,offshore wind|3,offshore
3,wa-south,2025,2986.0178675951615,offshore wind|3,offshore
3,wa-south,2026,2885.8142331910517,offshore wind|3,offshore
3,wa-south,2027,2792.644072730644,offshore wind|3,offshore
3,wa-south,2028,2705.1642841348594,offshore wind|3,offshore
3,wa-south,2029,2622.383172992221,offshore wind|3,offshore
3,wa-south,2030,2543.5476343521455,offshore wind|3,offshore
3,wa-south,2031,2501.5886400165523,offshore wind|3,offshore
3,wa-south,2032,2462.525751629135,offshore wind|3,offshore
3,wa-south,2033,2425.984859573778,offshore wind|3,offshore
3,wa-south,2034,2391.659967679624,offshore wind|3,offshore
3,wa-south,2035,2359.2975990356085,offshore wind|3,offshore
3,wa-south,2036,2328.685423922306,offshore wind|3,offshore
3,wa-south,2037,2299.6438113011573,offshore wind|3,offshore
3,wa-south,2038,2272.01943946234,offshore wind|3,offshore
3,wa-south,2039,2245.680396608198,offshore wind|3,offshore
3,wa-south,2040,2220.5123724256014,offshore wind|3,offshore
3,wa-south,2041,2196.4156587076313,offshore wind|3,offshore
3,wa-south,2042,2173.3027633404713,offshore wind|3,offshore
3,wa-south,2043,2151.0964930685623,offshore wind|3,offshore
3,wa-south,2044,2129.7283977680686,offshore wind|3,offshore
3,wa-south,2045,2109.1374991343623,offshore wind|3,offshore
3,wa-south,2046,2089.269238789775,offshore wind|3,offshore
3,wa-south,2047,2070.0746107469454,offshore wind|3,offshore
3,wa-south,2048,2051.509428690654,offshore wind|3,offshore
3,wa-south,2049,2033.5337182901949,offshore wind|3,offshore
3,wa-south,2050,2016.111195742051,offshore wind|3,offshore
4,ex-sa,2020,3108.5152247615783,offshore wind|4,offshore
4,ex-sa,2021,2938.2503042867247,offshore wind|4,offshore
4,ex-sa,2022,2799.5674510191225,offshore wind|4,offshore
4,ex-sa,2023,2680.860930679484,offshore wind|4,offshore
4,ex-sa,2024,2575.9398911976955,offshore wind|4,offshore
4,ex-sa,2025,2481.1089449466867,offshore wind|4,offshore
4,ex-sa,2026,2393.9844919576867,offshore wind|4,offshore
4,ex-sa,2027,2312.9390271110838,offshore wind|4,offshore
4,ex-sa,2028,2236.811715203506,offshore wind|4,offshore
4,ex-sa,2029,2164.7454413468304,offshore wind|4,offshore
4,ex-sa,2030,2096.0893016973655,offshore wind|4,offshore
4,ex-sa,2031,2059.824401721655,offshore wind|4,offshore
4,ex-sa,2032,2026.0625882458992,offshore wind|4,offshore
4,ex-sa,2033,1994.4805208952616,offshore wind|4,offshore
4,ex-sa,2034,1964.8137284894906,offshore wind|4,offshore
4,ex-sa,2035,1936.8431331642053,offshore wind|4,offshore
4,ex-sa,2036,1910.3852192749637,offshore wind|4,offshore
4,ex-sa,2037,1885.2847325057178,offshore wind|4,offshore
4,ex-sa,2038,1861.4091582504175,offshore wind|4,offshore
4,ex-sa,2039,1838.6444860227557,offshore wind|4,offshore
4,ex-sa,2040,1816.8919178767203,offshore wind|4,offshore
4,ex-sa,2041,1796.0652774240243,offshore wind|4,offshore
4,ex-sa,2042,1776.0889441161746,offshore wind|4,offshore
4,ex-sa,2043,1756.8962017960039,offshore wind|4,offshore
4,ex-sa,2044,1738.4278890030253,offshore wind|4,offshore
4,ex-sa,2045,1720.6313025102365,offshore wind|4,offshore
4,ex-sa,2046,1703.4592875227584,offshore wind|4,offshore
4,ex-sa,2047,1686.8694890344811,offshore wind|4,offshore
4,ex-sa,2048,1670.8237166995054,offshore wind|4,offshore
4,ex-sa,2049,1655.2874209939007,offshore wind|4,offshore
4,ex-sa,2050,1640.2292425515184,offshore wind|4,offshore
4,ex-wa,2020,2726.0192979811864,offshore wind|4,offshore
4,ex-wa,2021,2574.766610790416,offshore wind|4,offshore
4,ex-wa,2022,2451.5374790131814,offshore wind|4,offshore
4,ex-wa,2023,2346.0338457330836,offshore wind|4,offshore
4,ex-wa,2024,2252.762413088909,offshore wind|4,offshore
4,ex-wa,2025,2168.4441715284083,offshore wind|4,offshore
4,ex-wa,2026,2090.964093661847,offshore wind|4,offshore
4,ex-wa,2027,2018.87805311784,offshore wind|4,offshore
4,ex-wa,2028,1951.1560124628481,offshore wind|4,offshore
4,ex-wa,2029,1887.0374322044086,offshore wind|4,offshore
4,ex-wa,2030,1825.9447487770371,offshore wind|4,offshore
4,ex-wa,2031,1793.7659995602337,offshore wind|4,offshore
4,ex-wa,2032,1763.8083010466034,offshore wind|4,offshore
4,ex-wa,2033,1735.7847456330676,offshore wind|4,offshore
4,ex-wa,2034,1709.460660888833,offshore wind|4,offshore
4,ex-wa,2035,1684.6416547804108,offshore wind|4,offshore
4,ex-wa,2036,1661.1648883406162,offshore wind|4,offshore
4,ex-wa,2037,1638.8926011085964,offshore wind|4,offshore
4,ex-wa,2038,1617.7072087695697,offshore wind|4,offshore
4,ex-wa,2039,1597.5075480869386,offshore wind|4,offshore
4,ex-wa,2040,1578.205952329093,offshore wind|4,offshore
4,ex-wa,2041,1559.7259548424036,offshore wind|4,offshore
4,ex-wa,2042,1542.000456584125,offshore wind|4,offshore
4,ex-wa,2043,1524.9702576677955,offshore wind|4,offshore
4,ex-wa,2044,1508.582863609176,offshore wind|4,offshore
4,ex-wa,2045,1492.7915088315626,offshore wind|4,offshore
4,ex-wa,2046,1477.5543521630782,offshore wind|4,offshore
4,ex-wa,2047,1462.8338103179324,offshore wind|4,offshore
4,ex-wa,2048,1448.5959968028137,offshore wind|4,offshore
4,ex-wa,2049,1434.8102545238257,offshore wind|4,offshore
4,ex-wa,2050,1421.4487572962746,offshore wind|4,offshore
4,nsw-south,2020,3559.99958708855,offshore wind|4,offshore
4,nsw-south,2021,3370.5884254234525,offshore wind|4,offshore
4,nsw-south,2022,3216.4028175713433,offshore wind|4,offshore
4,nsw-south,2023,3084.4981259678525,offshore wind|4,offshore
4,nsw-south,2024,2967.969286655384,offshore wind|4,offshore
4,nsw-south,2025,2862.694591293441,offshore wind|4,offshore
4,nsw-south,2026,2766.015453740321,offshore wind|4,offshore
4,nsw-south,2027,2676.116610736223,offshore wind|4,offshore
4,nsw-south,2028,2591.703307248645,offshore wind|4,offshore
4,nsw-south,2029,2511.8195460317347,offshore wind|4,offshore
4,nsw-south,2030,2435.7393311065043,offshore wind|4,offshore
4,nsw-south,2031,2395.2907062985196,offshore wind|4,offshore
4,nsw-south,2032,2357.6339381796265,offshore wind|4,offshore
4,nsw-south,2033,2322.4083840375724,offshore wind|4,offshore
4,nsw-south,2034,2289.319062258975,offshore wind|4,offshore
4,nsw-south,2035,2258.121619677131,offshore wind|4,offshore
4,nsw-south,2036,2228.6113704958098,offshore wind|4,offshore
4,nsw-south,2037,2200.6151491279556,offshore wind|4,offshore
4,nsw-south,2038,2173.9851529780904,offshore wind|4,offshore
4,nsw-south,2039,2148.5942188330578,offshore wind|4,offshore
4,nsw-south,2040,2124.3321509321922,offshore wind|4,offshore
4,nsw-south,2041,2101.102830625461,offshore wind|4,offshore
4,nsw-south,2042,2078.8219143100214,offshore wind|4,offshore
4,nsw-south,2043,2057.414988246836,offshore wind|4,offshore
4,nsw-south,2044,2036.8160657774504,offshore wind|4,offshore
4,nsw-south,2045,2016.9663639264197,offshore wind|4,offshore
4,nsw-south,2046,1997.8132878519843,offshore wind|4,offshore
4,nsw-south,2047,1979.309595807527,offshore wind|4,offshore
4,nsw-south,2048,1961.412691926512,offshore wind|4,offshore
4,nsw-south,2049,1944.084041177904,offshore wind|4,offshore
4,nsw-south,2050,1927.2886654209462,offshore wind|4,offshore
4,nt,2020,3236.6777472977,offshore wind|4,offshore
4,nt,2021,3059.8870707836213,offshore wind|4,offshore
4,nt,2022,2915.897060926012,offshore wind|4,offshore
4,nt,2023,2792.654174041852,offshore wind|4,offshore
4,nt,2024,2683.7286831863917,offshore wind|4,offshore
4,nt,2025,2585.2826135649684,offshore wind|4,offshore
4,nt,2026,2494.84039351674,offshore wind|4,offshore
4,nt,2027,2410.711720560529,offshore wind|4,offshore
4,nt,2028,2331.6909682046976,offshore wind|4,offshore
4,nt,2029,2256.8879497114017,offshore wind|4,offshore
4,nt,2030,2185.6266461498876,offshore wind|4,offshore
4,nt,2031,2147.962458675279,offshore wind|4,offshore
4,nt,2032,2112.8979398553547,offshore wind|4,offshore
4,nt,2033,2080.0972730188237,offshore wind|4,offshore
4,nt,2034,2049.2857825173674,offshore wind|4,offshore
4,nt,2035,2020.2359369346004,offshore wind|4,offshore
4,nt,2036,1992.7571399318374,offshore wind|4,offshore
4,nt,2037,1966.6881464890682,offshore wind|4,offshore
4,nt,2038,1941.89132922537,offshore wind|4,offshore
4,nt,2039,1918.2482780988053,offshore wind|4,offshore
4,nt,2040,1895.6563833567523,offshore wind|4,offshore
4,nt,2041,1874.0261435683137,offshore wind|4,offshore
4,nt,2042,1853.279019959914,offshore wind|4,offshore
4,nt,2043,1833.3457225165166,offshore wind|4,offshore
4,nt,2044,1814.1648066669154,offshore wind|4,offshore
4,nt,2045,1795.6815358590834,offshore wind|4,offshore
4,nt,2046,1777.846935656981,offshore wind|4,offshore
4,nt,2047,1760.6170170391595,offshore wind|4,offshore
4,nt,2048,1743.9521157748632,offshore wind|4,offshore
4,nt,2049,1727.816349385453,offshore wind|4,offshore
4,nt,2050,1712.1771486482958,offshore wind|4,offshore
4,qld-north,2020,2799.010309784557,offshore wind|4,offshore
4,qld-north,2021,2644.6297635176147,offshore wind|4,offshore
4,qld-north,2022,2518.8673046627487,offshore wind|4,offshore
4,qld-north,2023,2411.2063985484397,offshore wind|4,offshore
4,qld-north,2024,2316.0372045926024,offshore wind|4,offshore
4,qld-north,2025,2230.0111476446828,offshore wind|4,offshore
4,qld-north,2026,2150.968328990137,offshore wind|4,offshore
4,qld-north,2027,2077.4339845052796,offshore wind|4,offshore
4,qld-north,2028,2008.3562241613743,offshore wind|4,offshore
4,qld-north,2029,1942.9583731695038,offshore wind|4,offshore
4,qld-north,2030,1880.650614687045,offshore wind|4,offshore
4,qld-north,2031,1847.7891791582883,offshore wind|4,offshore
4,qld-north,2032,1817.1959148954443,offshore wind|4,offshore
4,qld-north,2033,1788.5778274318359,offshore wind|4,offshore
4,qld-north,2034,1761.6952657464271,offshore wind|4,offshore
4,qld-north,2035,1736.3497134217962,offshore wind|4,offshore
4,qld-north,2036,1712.374877071023,offshore wind|4,offshore
4,qld-north,2037,1689.6300734899994,offshore wind|4,offshore
4,qld-north,2038,1667.9952237466498,offshore wind|4,offshore
4,qld-north,2039,1647.3670183714073,offshore wind|4,offshore
4,qld-north,2040,1627.65593078449,offshore wind|4,offshore
4,qld-north,2041,1608.7838720163513,offshore wind|4,offshore
4,qld-north,2042,1590.6823195520096,offshore wind|4,offshore
4,qld-north,2043,1573.2908175099924,offshore wind|4,offshore
4,qld-north,2044,1556.5557576463423,offshore wind|4,offshore
4,qld-north,2045,1540.429382341205,offshore wind|4,offshore
4,qld-north,2046,1524.8689627051538,offshore wind|4,offshore
4,qld-north,2047,1509.8361180783613,offshore wind|4,offshore
4,qld-north,2048,1495.2962430646303,offshore wind|4,offshore
4,qld-north,2049,1481.2180302547831,offshore wind|4,offshore
4,qld-north,2050,1467.573062955923,offshore wind|4,offshore
4,qld-south,2020,3177.4492145630743,offshore wind|4,offshore
4,qld-south,2021,3005.0571793260133,offshore wind|4,offshore
4,qld-south,2022,2864.66895884162,offshore wind|4,offshore
4,qld-south,2023,2744.5238357304343,offshore wind|4,offshore
4,qld-south,2024,2638.3482850267183,offshore wind|4,offshore
4,qld-south,2025,2542.397570904277,offshore wind|4,offshore
4,qld-south,2026,2454.256262618138,offshore wind|4,offshore
4,qld-south,2027,2372.275121223981,offshore wind|4,offshore
4,qld-south,2028,2295.2778101241774,offshore wind|4,offshore
4,qld-south,2029,2222.395768219122,offshore wind|4,offshore
4,qld-south,2030,2152.9693993094756,offshore wind|4,offshore
4,qld-south,2031,2116.2202173281007,offshore wind|4,offshore
4,qld-south,2032,2082.0075479818424,offshore wind|4,offshore
4,qld-south,2033,2050.0037330993327,offshore wind|4,offshore
4,qld-south,2034,2019.9407697715694,offshore wind|4,offshore
4,qld-south,2035,1991.596654517216,offshore wind|4,offshore
4,qld-south,2036,1964.7854211178603,offshore wind|4,offshore
4,qld-south,2037,1939.3497421303364,offshore wind|4,offshore
4,qld-south,2038,1915.1553329519404,offshore wind|4,offshore
4,qld-south,2039,1892.0866609816687,offshore wind|4,offshore
4,qld-south,2040,1870.0436087110365,offshore wind|4,offshore
4,qld-south,2041,1848.9388486657097,offshore wind|4,offshore
4,qld-south,2042,1828.6957512188026,offshore wind|4,offshore
4,qld-south,2043,1809.2467085736898,offshore wind|4,offshore
4,qld-south,2044,1790.5317695754738,offshore wind|4,offshore
4,qld-south,2045,1772.497527100434,offshore wind|4,offshore
4,qld-south,2046,1755.0961968259392,offshore wind|4,offshore
4,qld-south,2047,1738.2848577541756,offshore wind|4,offshore
4,qld-south,2048,1722.0248099168464,offshore wind|4,offshore
4,qld-south,2049,1706.2810423635474,offshore wind|4,offshore
4,qld-south,2050,1691.0217765480456,offshore wind|4,offshore
4,sa,2020,3612.1034707052345,offshore wind|4,offshore
4,sa,2021,3420.3111055381023,offshore wind|4,offshore
4,sa,2022,3264.1937757801384,offshore wind|4,offshore
4,sa,2023,3130.641668840005,offshore wind|4,offshore
4,sa,2024,3012.6616115483553,offshore wind|4,offshore
4,sa,2025,2906.079302181128,offshore wind|4,offshore
4,sa,2026,2808.2022307310403,offshore wind|4,offshore
4,sa,2027,2717.191971086384,offshore wind|4,offshore
4,sa,2028,2631.737246952526,offshore wind|4,offshore
4,sa,2029,2550.869862497644,offshore wind|4,offshore
4,sa,2030,2473.854557969364,offshore wind|4,offshore
4,sa,2031,2432.889804821469,offshore wind|4,offshore
4,sa,2032,2394.7525327447174,offshore wind|4,offshore
4,sa,2033,2359.077497102848,offshore wind|4,offshore
4,sa,2034,2325.565952349362,offshore wind|4,offshore
4,sa,2035,2293.9704274481533,offshore wind|4,offshore
4,sa,2036,2264.0836246006666,offshore wind|4,offshore
4,sa,2037,2235.7301687675795,offshore wind|4,offshore
4,sa,2038,2208.76037134146,offshore wind|4,offshore
4,sa,2039,2183.045446434152,offshore wind|4,offshore
4,sa,2040,2158.4737922312743,offshore wind|4,offshore
4,sa,2041,2134.9480634710158,offshore wind|4,offshore
4,sa,2042,2112.382840584134,offshore wind|4,offshore
4,sa,2043,2090.7027600536035,offshore wind|4,offshore
4,sa,2044,2069.8409933577077,offshore wind|4,offshore
4,sa,2045,2049.738007364322,offshore wind|4,offshore
4,sa,2046,2030.340536215521,offshore wind|4,offshore
4,sa,2047,2011.6007352875702,offshore wind|4,offshore
4,sa,2048,1993.4754652226015,offshore wind|4,offshore
4,sa,2049,1975.925699187088,offshore wind|4,offshore
4,sa,2050,1958.9160128023193,offshore wind|4,offshore
4,tas,2020,3624.233751833259,offshore wind|4,offshore
4,tas,2021,3432.0200322165024,offshore wind|4,offshore
4,tas,2022,3275.5635133261403,offshore wind|4,offshore
4,tas,2023,3141.724188628036,offshore wind|4,offshore
4,tas,2024,3023.492778519413,offshore wind|4,offshore
4,tas,2025,2916.685367196233,offshore wind|4,offshore
4,tas,2026,2818.603243348969,offshore wind|4,offshore
4,tas,2027,2727.403746650473,offshore wind|4,offshore
4,tas,2028,2641.7725807985985,offshore wind|4,offshore
4,tas,2029,2560.739319994141,offshore wind|4,offshore
4,tas,2030,2483.567011044067,offshore wind|4,offshore
4,tas,2031,2442.50790947471,offshore wind|4,offshore
4,tas,2032,2404.282801103778,offshore wind|4,offshore
4,tas,2033,2368.5256001097564,offshore wind|4,offshore
4,tas,2034,2334.9368728920003,offshore wind|4,offshore
4,tas,2035,2303.268578363901,offshore wind|4,offshore
4,tas,2036,2273.3129414005525,offshore wind|4,offshore
4,tas,2037,2244.8941829992395,offshore wind|4,offshore
4,tas,2038,2217.862269767496,offshore wind|4,offshore
4,tas,2039,2192.0881192487736,offshore wind|4,offshore
4,tas,2040,2167.4598725676797,offshore wind|4,offshore
4,tas,2041,2143.8799602593613,offshore wind|4,offshore
4,tas,2042,2121.2627660319035,offshore wind|4,offshore
4,tas,2043,2099.5327527863037,offshore wind|4,offshore
4,tas,2044,2078.6229380674963,offshore wind|4,offshore
4,tas,2045,2058.4736516629564,offshore wind|4,offshore
4,tas,2046,2039.0315050176612,offshore wind|4,offshore
4,tas,2047,2020.2485432920257,offshore wind|4,offshore
4,tas,2048,2002.0815277974732,offshore wind|4,offshore
4,tas,2049,1984.4913418519934,offshore wind|4,offshore
4,tas,2050,1967.4424793983785,offshore wind|4,offshore
4,vic-east,2020,3262.383038281704,offshore wind|4,offshore
4,vic-east,2021,3084.643021586902,offshore wind|4,offshore
4,vic-east,2022,2939.887327462845,offshore wind|4,offshore
4,vic-east,2023,2815.9949226617537,offshore wind|4,offshore
4,vic-east,2024,2706.5000791783173,offshore wind|4,offshore
4,vic-east,2025,2607.543332829308,offshore wind|4,offshore
4,vic-east,2026,2516.6352508112514,offshore wind|4,offshore
4,vic-east,2027,2432.0760663553183,offshore wind|4,offshore
4,vic-east,2028,2352.6534025959927,offshore wind|4,offshore
4,vic-east,2029,2277.472088416584,offshore wind|4,offshore
4,vic-east,2030,2205.852319718482,offshore wind|4,offshore
4,vic-east,2031,2167.9772447208584,offshore wind|4,offshore
4,vic-east,2032,2132.716394292527,offshore wind|4,offshore
4,vic-east,2033,2099.732071509492,offshore wind|4,offshore
4,vic-east,2034,2068.7480627889277,offshore wind|4,offshore
4,vic-east,2035,2039.535562629079,offshore wind|4,offshore
4,vic-east,2036,2011.9029076445731,offshore wind|4,offshore
4,vic-east,2037,1985.6879499476574,offshore wind|4,offshore
4,vic-east,2038,1960.7522914955755,offshore wind|4,offshore
4,vic-east,2039,1936.976859325975,offshore wind|4,offshore
4,vic-east,2040,1914.2584691217642,offshore wind|4,offshore
4,vic-east,2041,1892.5071182842094,offshore wind|4,offshore
4,vic-east,2042,1871.6438283858226,offshore wind|4,offshore
4,vic-east,2043,1851.5989213606188,offshore wind|4,offshore
4,vic-east,2044,1832.3106086160858,offshore wind|4,offshore
4,vic-east,2045,1813.7238471507058,offshore wind|4,offshore
4,vic-east,2046,1795.7893883139018,offshore wind|4,offshore
4,vic-east,2047,1778.4629967223746,offshore wind|4,offshore
4,vic-east,2048,1761.7047861205501,offshore wind|4,offshore
4,vic-east,2049,1745.4786731516292,offshore wind|4,offshore
4,vic-east,2050,1729.751906100692,offshore wind|4,offshore
4,vic-west,2020,3109.095341817993,offshore wind|4,offshore
4,vic-west,2021,2938.7080022342857,offshore wind|4,offshore
4,vic-west,2022,2799.9239419966957,offshore wind|4,offshore
4,vic-west,2023,2681.129631795121,offshore wind|4,offshore
4,vic-west,2024,2576.1300614874194,offshore wind|4,offshore
4,vic-west,2025,2481.22736143003,offshore wind|4,offshore
4,vic-west,2026,2394.036330712107,offshore wind|4,offshore
4,vic-west,2027,2312.9283711159032,offshore wind|4,offshore
4,vic-west,2028,2236.741867718275,offshore wind|4,offshore
4,vic-west,2029,2164.6191299753245,offshore wind|4,offshore
4,vic-west,2030,2095.9088168801754,offshore wind|4,offshore
4,vic-west,2031,2059.6195595300896,offshore wind|4,offshore
4,vic-west,2032,2025.8350698953554,offshore wind|4,offshore
4,vic-west,2033,1994.2317904117047,offshore wind|4,offshore
4,vic-west,2034,1964.5450722731077,offshore wind|4,offshore
4,vic-west,2035,1936.5556904751645,offshore wind|4,offshore
4,vic-west,2036,1910.0800060979254,offshore wind|4,offshore
4,vic-west,2037,1884.962660545806,offshore wind|4,offshore
4,vic-west,2038,1861.0710502440004,offshore wind|4,offshore
4,vic-west,2039,1838.2910880871825,offshore wind|4,offshore
4,vic-west,2040,1816.5239097991569,offshore wind|4,offshore
4,vic-west,2041,1795.6832811256156,offshore wind|4,offshore
4,vic-west,2042,1775.6935306799082,offshore wind|4,offshore
4,vic-west,2043,1756.4878975396914,offshore wind|4,offshore
4,vic-west,2044,1738.0071804842294,offshore wind|4,offshore
4,vic-west,2045,1720.1986408944515,offshore wind|4,offshore
4,vic-west,2046,1703.015092294175,offshore wind|4,offshore
4,vic-west,2047,1686.414151259717,offshore wind|4,offshore
4,vic-west,2048,1670.3576017618527,offshore wind|4,offshore
4,vic-west,2049,1654.8108710712204,offshore wind|4,offshore
4,vic-west,2050,1639.7425788010933,offshore wind|4,offshore
4,wa-south,2020,3608.232966157113,offshore wind|4,offshore
4,wa-south,2021,3416.104655976178,offshore wind|4,offshore
4,wa-south,2022,3259.704657042216,offshore wind|4,offshore
4,wa-south,2023,3125.903578732391,offshore wind|4,offshore
4,wa-south,2024,3007.697804720761,offshore wind|4,offshore
4,wa-south,2025,2900.9067995270043,offshore wind|4,offshore
4,wa-south,2026,2802.8340322906547,offshore wind|4,offshore
4,wa-south,2027,2711.638331618289,offshore wind|4,offshore
4,wa-south,2028,2626.0064626924045,offshore wind|4,offshore
4,wa-south,2029,2544.9687840449787,offshore wind|4,offshore
4,wa-south,2030,2467.7889379967473,offshore wind|4,offshore
4,wa-south,2031,2426.7630097644637,offshore wind|4,offshore
4,wa-south,2032,2388.568785128859,offshore wind|4,offshore
4,wa-south,2033,2352.840473834193,offshore wind|4,offshore
4,wa-south,2034,2319.278884229199,offshore wind|4,offshore
4,wa-south,2035,2287.636176064678,offshore wind|4,offshore
4,wa-south,2036,2257.70474145505,offshore wind|4,offshore
4,wa-south,2037,2229.3089437193285,offshore wind|4,offshore
4,wa-south,2038,2202.298870806609,offshore wind|4,offshore
4,wa-south,2039,2176.5455442781204,offshore wind|4,offshore
4,wa-south,2040,2151.9371957956155,offshore wind|4,offshore
4,wa-south,2041,2128.3763346551473,offshore wind|4,offshore
4,wa-south,2042,2105.777413825655,offshore wind|4,offshore
4,wa-south,2043,2084.06495713728,offshore wind|4,offshore
4,wa-south,2044,2063.17203639355,offshore wind|4,offshore
4,wa-south,2045,2043.0390293970786,offshore wind|4,offshore
4,wa-south,2046,2023.61259086047,offshore wind|4,offshore
4,wa-south,2047,2004.8448047614738,offshore wind|4,offshore
4,wa-south,2048,1986.6924672318326,offshore wind|4,offshore
4,wa-south,2049,1969.116492974726,offshore wind|4,offshore
4,wa-south,2050,1952.0814050990748,offshore wind|4,offshore
5,nsw-south,2020,3399.911627004095,offshore wind|5,offshore
5,nsw-south,2021,3216.499395008516,offshore wind|5,offshore
5,nsw-south,2022,3067.154304298006,offshore wind|5,offshore
5,nsw-south,2023,2939.357408824646,offshore wind|5,offshore
5,nsw-south,2024,2826.4307218485587,offshore wind|5,offshore
5,nsw-south,2025,2724.3880796842504,offshore wind|5,offshore
5,nsw-south,2026,2630.6583255523583,offshore wind|5,offshore
5,nsw-south,2027,2543.4858923107795,offshore wind|5,offshore
5,nsw-south,2028,2461.6186030690574,offshore wind|5,offshore
5,nsw-south,2029,2384.131899589897,offshore wind|5,offshore
5,nsw-south,2030,2310.323660881631,offshore wind|5,offshore
5,nsw-south,2031,2271.205212377891,offshore wind|5,offshore
5,nsw-south,2032,2234.786808892333,offshore wind|5,offshore
5,nsw-south,2033,2200.7196674611046,offshore wind|5,offshore
5,nsw-south,2034,2168.71850701219,offshore wind|5,offshore
5,nsw-south,2035,2138.5470106535486,offshore wind|5,offshore
5,nsw-south,2036,2110.007223062805,offshore wind|5,offshore
5,nsw-south,2037,2082.931673482901,offshore wind|5,offshore
5,nsw-south,2038,2057.177420250662,offshore wind|5,offshore
5,nsw-south,2039,2032.6214815784606,offshore wind|5,offshore
5,nsw-south,2040,2009.1572857529068,offshore wind|5,offshore
5,nsw-south,2041,1986.6918752441163,offshore wind|5,offshore
5,nsw-south,2042,1965.143679594457,offshore wind|5,offshore
5,nsw-south,2043,1944.4407326835953,offshore wind|5,offshore
5,nsw-south,2044,1924.5192177751853,offshore wind|5,offshore
5,nsw-south,2045,1905.3222848412302,offshore wind|5,offshore
5,nsw-south,2046,1886.799068647513,offshore wind|5,offshore
5,nsw-south,2047,1868.9038813556726,offshore wind|5,offshore
5,nsw-south,2048,1851.5955275513086,offshore wind|5,offshore
5,nsw-south,2049,1834.836739263069,offshore wind|5,offshore
5,nsw-south,2050,1818.5936893614721,offshore wind|5,offshore
5,nt,2020,3174.8587880430478,offshore wind|5,offshore
5,nt,2021,3002.2883335025413,offshore wind|5,offshore
5,nt,2022,2861.74950495179,offshore wind|5,offshore
5,nt,2023,2741.471365025331,offshore wind|5,offshore
5,nt,2024,2635.1749370878615,offshore wind|5,offshore
5,nt,2025,2539.1122311165545,offshore wind|5,offshore
5,nt,2026,2450.865717382557,offshore wind|5,offshore
5,nt,2027,2368.784723763002,offshore wind|5,offshore
5,nt,2028,2291.691891343063,offshore wind|5,offshore
5,nt,2029,2218.7179042743996,offshore wind|5,offshore
5,nt,2030,2149.2025932276265,offshore wind|5,offshore
5,nt,2031,2112.421476115249,offshore wind|5,offshore
5,nt,2032,2078.1790759080345,offshore wind|5,offshore
5,nt,2033,2046.1474497060858,offshore wind|5,offshore
5,nt,2034,2016.0583617183138,offshore wind|5,offshore
5,nt,2035,1987.689615359334,offshore wind|5,offshore
5,nt,2036,1960.8550830163695,offshore wind|5,offshore
5,nt,2037,1935.397300345227,offshore wind|5,offshore
5,nt,2038,1911.1818662151775,offshore wind|5,offshore
5,nt,2039,1888.09314749692,offshore wind|5,offshore
5,nt,2040,1866.030939761756,offshore wind|5,offshore
5,nt,2041,1844.907839796527,offshore wind|5,offshore
5,nt,2042,1824.6471509938563,offshore wind|5,offshore
5,nt,2043,1805.1812071803024,offshore wind|5,offshore
5,nt,2044,1786.4500048653297,offshore wind|5,offshore
5,nt,2045,1768.4000906523702,offshore wind|5,offshore
5,nt,2046,1750.983638555265,offshore wind|5,offshore
5,nt,2047,1734.1576904451558,offshore wind|5,offshore
5,nt,2048,1717.8835125667945,offshore wind|5,offshore
5,nt,2049,1702.1260636587622,offshore wind|5,offshore
5,nt,2050,1686.853537587361,offshore wind|5,offshore
5,qld-north,2020,2980.6930909264966,offshore wind|5,offshore
5,qld-north,2021,2817.1194860492437,offshore wind|5,offshore
5,qld-north,2022,2683.881677977167,offshore wind|5,offshore
5,qld-north,2023,2569.8319103608083,offshore wind|5,offshore
5,qld-north,2024,2469.0236301426435,offshore wind|5,offshore
5,qld-north,2025,2377.907274623675,offshore wind|5,offshore
5,qld-north,2026,2294.193303929877,offshore wind|5,offshore
5,qld-north,2027,2216.3184362261723,offshore wind|5,offshore
5,qld-north,2028,2143.1676447565433,offshore wind|5,offshore
5,qld-north,2029,2073.91763740177,offshore wind|5,offshore
5,qld-north,2030,2007.9431956689593,offshore wind|5,offshore
5,qld-north,2031,1973.1093570662222,offshore wind|5,offshore
5,qld-north,2032,1940.6798296778577,offshore wind|5,offshore
5,qld-north,2033,1910.344032755298,offshore wind|5,offshore
5,qld-north,2034,1881.8479312947243,offshore wind|5,offshore
5,qld-north,2035,1854.9810929213788,offshore wind|5,offshore
5,qld-north,2036,1829.5672435075153,offshore wind|5,offshore
5,qld-north,2037,1805.4572554741953,offshore wind|5,offshore
5,qld-north,2038,1782.523843028641,offshore wind|5,offshore
5,qld-north,2039,1760.65749521261,offshore wind|5,offshore
5,qld-north,2040,1739.7633123990015,offshore wind|5,offshore
5,qld-north,2041,1719.758518717717,offshore wind|5,offshore
5,qld-north,2042,1700.570478193093,offshore wind|5,offshore
5,qld-north,2043,1682.1351068932624,offshore wind|5,offshore
5,qld-north,2044,1664.3955783493445,offshore wind|5,offshore
5,qld-north,2045,1647.3012688249787,offshore wind|5,offshore
5,qld-north,2046,1630.806884500212,offshore wind|5,offshore
5,qld-north,2047,1614.8717414366142,offshore wind|5,offshore
5,qld-north,2048,1599.4591566956506,offshore wind|5,offshore
5,qld-north,2049,1584.5359439796014,offshore wind|5,offshore
5,qld-north,2050,1570.0719811750287,offshore wind|5,offshore
5,qld-south,2020,3325.7671936695656,offshore wind|5,offshore
5,qld-south,2021,3145.1548379412607,offshore wind|5,offshore
5,qld-south,2022,2998.0694763226907,offshore wind|5,offshore
5,qld-south,2023,2872.1906552271935,offshore wind|5,offshore
5,qld-south,2024,2760.946269948381,offshore wind|5,offshore
5,qld-south,2025,2660.413358857132,offshore wind|5,offshore
5,qld-south,2026,2568.0615319276185,offshore wind|5,offshore
5,qld-south,2027,2482.163057226722,offshore wind|5,offshore
5,qld-south,2028,2401.4856113349056,offshore wind|5,offshore
5,qld-south,2029,2325.1192954267012,offshore wind|5,offshore
5,qld-south,2030,2252.373120990905,offshore wind|5,offshore
5,qld-south,2031,2213.8749099661068,offshore wind|5,offshore
5,qld-south,2032,2178.033933808131,offshore wind|5,offshore
5,qld-south,2033,2144.506939579381,offshore wind|5,offshore
5,qld-south,2034,2113.013169395037,offshore wind|5,offshore
5,qld-south,2035,2083.320053417158,offshore wind|5,offshore
5,qld-south,2036,2055.232774781056,offshore wind|5,offshore
5,qld-south,2037,2028.5865180288997,offshore wind|5,offshore
5,qld-south,2038,2003.2406080874187,offshore wind|5,offshore
5,qld-south,2039,1979.0740129043736,offshore wind|5,offshore
5,qld-south,2040,1955.9818505890692,offshore wind|5,offshore
5,qld-south,2041,1933.8726376379263,offshore wind|5,offshore
5,qld-south,2042,1912.666096541185,offshore wind|5,offshore
5,qld-south,2043,1892.2914025775349,offshore wind|5,offshore
5,qld-south,2044,1872.6857507202526,offshore wind|5,offshore
5,qld-south,2045,1853.7931923081867,offshore wind|5,offshore
5,qld-south,2046,1835.563668533343,offshore wind|5,offshore
5,qld-south,2047,1817.9522161502118,offshore wind|5,offshore
5,qld-south,2048,1800.9182927271938,offshore wind|5,offshore
5,qld-south,2049,1784.4252211660112,offshore wind|5,offshore
5,qld-south,2050,1768.439710962919,offshore wind|5,offshore
5,sa,2020,2808.2537083046104,offshore wind|5,offshore
5,sa,2021,2653.217203998021,offshore wind|5,offshore
5,sa,2022,2526.9179907263297,offshore wind|5,offshore
5,sa,2023,2418.7957289884594,offshore wind|5,offshore
5,sa,2024,2323.2172114504883,offshore wind|5,offshore
5,sa,2025,2236.8199150491387,offshore wind|5,offshore
5,sa,2026,2157.4349443966944,offshore wind|5,offshore
5,sa,2027,2083.5813925449593,offshore wind|5,offshore
5,sa,2028,2014.2029879002753,offshore wind|5,offshore
5,sa,2029,1948.519820625128,offshore wind|5,offshore
5,sa,2030,1885.939617144141,offshore wind|5,offshore
5,sa,2031,1852.9413030366295,offshore wind|5,offshore
5,sa,2032,1822.2206079026666,offshore wind|5,offshore
5,sa,2033,1793.4833168172406,offshore wind|5,offshore
5,sa,2034,1766.4887805625067,offshore wind|5,offshore
5,sa,2035,1741.0376557975276,offshore wind|5,offshore
5,sa,2036,1716.9629564791142,offshore wind|5,offshore
5,sa,2037,1694.1234133777953,offshore wind|5,offshore
5,sa,2038,1672.3984474920446,offshore wind|5,offshore
5,sa,2039,1651.6843189150723,offshore wind|5,offshore
5,sa,2040,1631.8911282391657,offshore wind|5,offshore
5,sa,2041,1612.9404612726557,offshore wind|5,offshore
5,sa,2042,1594.7635099383494,offshore wind|5,offshore
5,sa,2043,1577.2995666744418,offshore wind|5,offshore
5,sa,2044,1560.4947998526998,offshore wind|5,offshore
5,sa,2045,1544.3012529671732,offshore wind|5,offshore
5,sa,2046,1528.6760191080612,offshore wind|5,offshore
5,sa,2047,1513.5805578332102,offshore wind|5,offshore
5,sa,2048,1498.9801195113082,offshore wind|5,offshore
5,sa,2049,1484.8432663475417,offshore wind|5,offshore
5,sa,2050,1471.1414633704874,offshore wind|5,offshore
5,tas,2020,3213.2899534802423,offshore wind|5,offshore
5,tas,2021,3037.3398917481604,offshore wind|5,offshore
5,tas,2022,2894.0273083963093,offshore wind|5,offshore
5,tas,2023,2771.358627889477,offshore wind|5,offshore
5,tas,2024,2662.936112189556,offshore wind|5,offshore
5,tas,2025,2564.9408809915217,offshore wind|5,offshore
5,tas,2026,2474.909679016627,offshore wind|5,offshore
5,tas,2027,2391.160613322091,offshore wind|5,offshore
5,tas,2028,2312.494055479314,offshore wind|5,offshore
5,tas,2029,2238.0242476493854,offshore wind|5,offshore
5,tas,2030,2167.0785342342037,offshore wind|5,offshore
5,tas,2031,2129.601731797758,offshore wind|5,offshore
5,tas,2032,2094.7116642975348,offshore wind|5,offshore
5,tas,2033,2062.0741857655967,offshore wind|5,offshore
5,tas,2034,2031.4159870931344,offshore wind|5,offshore
5,tas,2035,2002.5106689565744,offshore wind|5,offshore
5,tas,2036,1975.1685831455304,offshore wind|5,offshore
5,tas,2037,1949.2292868830318,offshore wind|5,offshore
5,tas,2038,1924.5558375742332,offshore wind|5,offshore
5,tas,2039,1901.0304142061275,offshore wind|5,offshore
5,tas,2040,1878.5509175651662,offshore wind|5,offshore
5,tas,2041,1857.028291542072,offshore wind|5,offshore
5,tas,2042,1836.3843880004672,offshore wind|5,offshore
5,tas,2043,1816.5502617478828,offshore wind|5,offshore
5,tas,2044,1797.4647738847561,offshore wind|5,offshore
5,tas,2045,1779.0734601597305,offshore wind|5,offshore
5,tas,2046,1761.3275897863966,offshore wind|5,offshore
5,tas,2047,1744.1833926595075,offshore wind|5,offshore
5,tas,2048,1727.6014018189844,offshore wind|5,offshore
5,tas,2049,1711.5459132792762,offshore wind|5,offshore
5,tas,2050,1695.9845199826027,offshore wind|5,offshore
5,vic-east,2020,3190.436728074584,offshore wind|5,offshore
5,vic-east,2021,3015.319904758757,offshore wind|5,offshore
5,vic-east,2022,2872.6791010658117,offshore wind|5,offshore
5,vic-east,2023,2750.580074049774,offshore wind|5,offshore
5,vic-east,2024,2642.6567355485267,offshore wind|5,offshore
5,vic-east,2025,2545.1090973784117,offshore wind|5,offshore
5,vic-east,2026,2455.486090108761,offshore wind|5,offshore
5,vic-east,2027,2372.1141412064276,offshore wind|5,offshore
5,vic-east,2028,2293.799556742615,offshore wind|5,offshore
5,vic-east,2029,2219.6609608348544,offshore wind|5,offshore
5,vic-east,2030,2149.029025569463,offshore wind|5,offshore
5,vic-east,2031,2111.737622210103,offshore wind|5,offshore
5,vic-east,2032,2077.0201571419097,offshore wind|5,offshore
5,vic-east,2033,2044.544137395523,offshore wind|5,offshore
5,vic-east,2034,2014.0376059181208,offshore wind|5,offshore
5,vic-east,2035,1985.275283481407,offshore wind|5,offshore
5,vic-east,2036,1958.0684599551414,offshore wind|5,offshore
5,vic-east,2037,1932.2574863051223,offshore wind|5,offshore
5,vic-east,2038,1907.7060974591993,offshore wind|5,offshore
5,vic-east,2039,1884.2970551968451,offshore wind|5,offshore
5,vic-east,2040,1861.9287654289287,offshore wind|5,offshore
5,vic-east,2041,1840.5126126446196,offshore wind|5,offshore
5,vic-east,2042,1819.970835214721,offshore wind|5,offshore
5,vic-east,2043,1800.234829105276,offshore wind|5,offshore
5,vic-east,2044,1781.2437578540082,offshore wind|5,offshore
5,vic-east,2045,1762.9434266224116,offshore wind|5,offshore
5,vic-east,2046,1745.2853456940063,offshore wind|5,offshore
5,vic-east,2047,1728.2259615542182,offshore wind|5,offshore
5,vic-east,2048,1711.7260024283914,offshore wind|5,offshore
5,vic-east,2049,1695.7499409313361,offshore wind|5,offshore
5,vic-east,2050,1680.2655304459413,offshore wind|5,offshore
5,wa-north,2020,3780.2403306444457,offshore wind|5,offshore
5,wa-north,2021,3581.6206917652553,offshore wind|5,offshore
5,wa-north,2022,3419.981757550283,offshore wind|5,offshore
5,wa-north,2023,3281.733909904993,offshore wind|5,offshore
5,wa-north,2024,3159.628032742715,offshore wind|5,offshore
5,wa-north,2025,3049.337049318543,offshore wind|5,offshore
5,wa-north,2026,2948.0699063548527,offshore wind|5,offshore
5,wa-north,2027,2853.920893261674,offshore wind|5,offshore
5,wa-north,2028,2765.5307427307334,offshore wind|5,offshore
5,wa-north,2029,2681.895823685673,offshore wind|5,offshore
5,wa-north,2030,2602.253966514735,offshore wind|5,offshore
5,wa-north,2031,2559.7899460591107,offshore wind|5,offshore
5,wa-north,2032,2520.2568894707006,offshore wind|5,offshore
5,wa-north,2033,2483.2761845656496,offshore wind|5,offshore
5,wa-north,2034,2448.5381521578697,offshore wind|5,offshore
5,wa-north,2035,2415.7862637561216,offshore wind|5,offshore
5,wa-north,2036,2384.8056349488093,offshore wind|5,offshore
5,wa-north,2037,2355.414472209956,offshore wind|5,offshore
5,wa-north,2038,2327.4576082122894,offshore wind|5,offshore
5,wa-north,2039,2300.801543833178,offshore wind|5,offshore
5,wa-north,2040,2275.330592685791,offshore wind|5,offshore
5,wa-north,2041,2250.9438464953773,offshore wind|5,offshore
5,wa-north,2042,2227.5527600777136,offshore wind|5,offshore
5,wa-north,2043,2205.0792110949046,offshore wind|5,offshore
5,wa-north,2044,2183.4539253735843,offshore wind|5,offshore
5,wa-north,2045,2162.615190951545,offshore wind|5,offshore
5,wa-north,2046,2142.507792608477,offshore wind|5,offshore
5,wa-north,2047,2123.0821343631346,offshore wind|5,offshore
5,wa-north,2048,2104.293498260267,offshore wind|5,offshore
5,wa-north,2049,2086.101429145819,offshore wind|5,offshore
5,wa-north,2050,2068.469205762906,offshore wind|5,offshore
5,wa-south,2020,2946.3041190883246,offshore wind|5,offshore
5,wa-south,2021,2783.6665301919497,offshore wind|5,offshore
5,wa-south,2022,2651.175488549382,offshore wind|5,offshore
5,wa-south,2023,2537.752782819471,offshore wind|5,offshore
5,wa-south,2024,2437.488957583795,offshore wind|5,offshore
5,wa-south,2025,2346.856594017275,offshore wind|5,offshore
5,wa-south,2026,2263.5804355955015,offshore wind|5,offshore
5,wa-south,2027,2186.106953094795,offshore wind|5,offshore
5,wa-south,2028,2113.3280755460123,offshore wind|5,offshore
5,wa-south,2029,2044.4256471393019,offshore wind|5,offshore
5,wa-south,2030,1978.778349905433,offshore wind|5,offshore
5,wa-south,2031,1944.1618218492958,offshore wind|5,offshore
5,wa-south,2032,1911.9346058164954,offshore wind|5,offshore
5,wa-south,2033,1881.7880585083583,offshore wind|5,offshore
5,wa-south,2034,1853.46972971204,offshore wind|5,offshore
5,wa-south,2035,1826.770499992407,offshore wind|5,offshore
5,wa-south,2036,1801.5151946656476,offshore wind|5,offshore
5,wa-south,2037,1777.5556165197938,offshore wind|5,offshore
5,wa-south,2038,1754.765274036643,offshore wind|5,offshore
5,wa-south,2039,1733.035339196594,offshore wind|5,offshore
5,wa-south,2040,1712.2715045412726,offshore wind|5,offshore
5,wa-south,2041,1692.3915106957056,offshore wind|5,offshore
5,wa-south,2042,1673.3231745312294,offshore wind|5,offshore
5,wa-south,2043,1655.0028121701694,offshore wind|5,offshore
5,wa-south,2044,1637.3739515538446,offshore wind|5,offshore
5,wa-south,2045,1620.3862847399416,offshore wind|5,offshore
5,wa-south,2046,1603.9948004407743,offshore wind|5,offshore
5,wa-south,2047,1588.159068707141,offshore wind|5,offshore
5,wa-south,2048,1572.8426352555632,offshore wind|5,offshore
5,wa-south,2049,1558.0125207730948,offshore wind|5,offshore
5,wa-south,2050,1543.6387913839408,offshore wind|5,offshore
